# Blender 4.3.2
# www.blender.org
mtllib bowling_ball.mtl
o Bowling_Ball
v 0.000000 0.098000 -0.037000
v 0.028000 0.098000 -0.002000
v -0.028000 0.098000 -0.002000
v 0.000000 0.168000 -0.037000
v 0.028000 0.168000 -0.002000
v 0.002341 0.098000 -0.036769
v 0.002341 0.168000 -0.036769
v 0.000000 0.215480 -0.010586
v 0.004592 0.098000 -0.036087
v -0.028000 0.168000 -0.002000
v 0.030341 0.098000 -0.001769
v 0.004592 0.168000 -0.036087
v 0.030341 0.168000 -0.001769
v 0.006667 0.098000 -0.034978
v 0.000000 0.211350 -0.031351
v 0.006667 0.168000 -0.034978
v -0.025659 0.098000 -0.001769
v 0.008485 0.098000 -0.033485
v 0.032592 0.098000 -0.001087
v 0.008485 0.168000 -0.033485
v 0.000000 0.197799 -0.060002
v 0.009978 0.098000 -0.031667
v 0.032592 0.168000 -0.001087
v 0.009978 0.168000 -0.031667
v -0.025659 0.168000 -0.001769
v 0.011087 0.098000 -0.029592
v 0.034667 0.098000 0.000022
v 0.011087 0.168000 -0.029592
v 0.011769 0.098000 -0.027341
v 0.000000 0.191485 -0.068514
v 0.011769 0.168000 -0.027341
v 0.034667 0.168000 0.000022
v 0.012000 0.098000 -0.025000
v 0.036485 0.098000 0.001515
v -0.023408 0.098000 -0.001087
v 0.012000 0.168000 -0.025000
v 0.011769 0.098000 -0.022659
v 0.000000 0.184368 -0.076368
v 0.036485 0.168000 0.001515
v 0.011769 0.168000 -0.022659
v -0.023408 0.168000 -0.001087
v 0.011087 0.098000 -0.020408
v 0.037978 0.098000 0.003333
v 0.011087 0.168000 -0.020408
v 0.009978 0.098000 -0.018333
v 0.037978 0.168000 0.003333
v 0.000000 0.176514 -0.083485
v 0.009978 0.168000 -0.018333
v 0.039087 0.098000 0.005408
v 0.008485 0.098000 -0.016515
v 0.008485 0.168000 -0.016515
v -0.021333 0.098000 0.000022
v 0.006667 0.098000 -0.015022
v 0.039087 0.168000 0.005408
v 0.000000 0.168002 -0.089799
v 0.006667 0.168000 -0.015022
v 0.000000 0.149330 -0.099779
v 0.004592 0.098000 -0.013913
v 0.004592 0.168000 -0.013913
v 0.039769 0.098000 0.007659
v -0.021333 0.168000 0.000022
v 0.002341 0.098000 -0.013231
v 0.039769 0.168000 0.007659
v 0.002341 0.168000 -0.013231
v -0.019515 0.098000 0.001515
v 0.000000 0.098000 -0.013000
v 0.040000 0.098000 0.010000
v 0.000000 0.168000 -0.013000
v -0.002341 0.098000 -0.013231
v 0.000000 0.139351 -0.103350
v 0.040000 0.168000 0.010000
v -0.002341 0.168000 -0.013231
v -0.004592 0.098000 -0.013913
v 0.039769 0.098000 0.012341
v 0.000000 0.129070 -0.105925
v -0.004592 0.168000 -0.013913
v -0.006667 0.098000 -0.015022
v -0.019515 0.168000 0.001515
v -0.006667 0.168000 -0.015022
v 0.039769 0.168000 0.012341
v 0.000000 0.097414 -0.107480
v -0.008485 0.098000 -0.016515
v -0.008485 0.168000 -0.016515
v 0.039087 0.098000 0.014592
v 0.039087 0.168000 0.014592
v -0.009978 0.098000 -0.018333
v -0.018022 0.098000 0.003333
v -0.009978 0.168000 -0.018333
v -0.011087 0.098000 -0.020408
v 0.037978 0.098000 0.016667
v -0.018022 0.168000 0.003333
v -0.011087 0.168000 -0.020408
v -0.011769 0.098000 -0.022659
v 0.000000 0.086930 -0.105925
v 0.037978 0.168000 0.016667
v -0.011769 0.168000 -0.022659
v 0.036485 0.098000 0.018485
v -0.012000 0.098000 -0.025000
v -0.016913 0.098000 0.005408
v -0.012000 0.168000 -0.025000
v -0.011769 0.098000 -0.027341
v 0.000000 0.076649 -0.103350
v 0.036485 0.168000 0.018485
v -0.011769 0.168000 -0.027341
v -0.011087 0.098000 -0.029592
v 0.034667 0.098000 0.019978
v -0.011087 0.168000 -0.029592
v -0.016913 0.168000 0.005408
v -0.009978 0.098000 -0.031667
v 0.034667 0.168000 0.019978
v 0.000000 0.066670 -0.099779
v -0.009978 0.168000 -0.031667
v -0.008485 0.098000 -0.033485
v 0.000000 0.039486 -0.083485
v 0.032592 0.098000 0.021087
v -0.008485 0.168000 -0.033485
v -0.016231 0.098000 0.007659
v -0.006667 0.098000 -0.034978
v 0.032592 0.168000 0.021087
v -0.006667 0.168000 -0.034978
v -0.016231 0.168000 0.007659
v -0.004592 0.098000 -0.036087
v 0.030341 0.098000 0.021769
v -0.004592 0.168000 -0.036087
v -0.002341 0.098000 -0.036769
v 0.000000 0.031632 -0.076368
v -0.002341 0.168000 -0.036769
v 0.030341 0.168000 0.021769
v 0.028000 0.098000 0.022000
v -0.016000 0.098000 0.010000
v 0.000000 0.024515 -0.068514
v 0.028000 0.168000 0.022000
v 0.000000 0.012753 -0.050911
v 0.025659 0.098000 0.021769
v -0.016000 0.168000 0.010000
v 0.025659 0.168000 0.021769
v -0.016231 0.098000 0.012341
v 0.023408 0.098000 0.021087
v 0.000000 0.004650 -0.031351
v 0.023408 0.168000 0.021087
v -0.016231 0.168000 0.012341
v 0.021333 0.098000 0.019978
v 0.021333 0.168000 0.019978
v 0.000000 0.002075 -0.021070
v 0.019515 0.098000 0.018485
v -0.016913 0.098000 0.014592
v 0.000000 0.000520 -0.010586
v 0.019515 0.168000 0.018485
v 0.018022 0.098000 0.016667
v -0.016913 0.168000 0.014592
v 0.001382 0.215480 -0.010495
v 0.018022 0.168000 0.016667
v 0.002750 0.213925 -0.020890
v 0.016913 0.098000 0.014592
v 0.016913 0.168000 0.014592
v -0.018022 0.098000 0.016667
v 0.016231 0.098000 0.012341
v 0.004092 0.211350 -0.031083
v 0.016231 0.168000 0.012341
v -0.018022 0.168000 0.016667
v -0.019515 0.098000 0.018485
v 0.016000 0.098000 0.010000
v 0.005395 0.207779 -0.040976
v 0.016000 0.168000 0.010000
v -0.019515 0.168000 0.018485
v 0.016231 0.098000 0.007659
v 0.006645 0.203247 -0.050475
v 0.016231 0.168000 0.007659
v 0.007832 0.197799 -0.059488
v 0.016913 0.098000 0.005408
v -0.021333 0.098000 0.019978
v 0.016913 0.168000 0.005408
v 0.008943 0.191485 -0.067928
v 0.018022 0.098000 0.003333
v 0.018022 0.168000 0.003333
v -0.021333 0.168000 0.019978
v -0.023408 0.098000 0.021087
v 0.019515 0.098000 0.001515
v 0.019515 0.168000 0.001515
v 0.009968 0.184368 -0.075714
v -0.023408 0.168000 0.021087
v 0.021333 0.098000 0.000022
v 0.010897 0.176514 -0.082771
v 0.021333 0.168000 0.000022
v 0.023408 0.098000 -0.001087
v 0.011721 0.168002 -0.089030
v -0.025659 0.098000 0.021769
v 0.023408 0.168000 -0.001087
v 0.025659 0.098000 -0.001769
v -0.025659 0.168000 0.021769
v 0.025659 0.168000 -0.001769
v 0.012432 0.158911 -0.094433
v -0.028000 0.098000 0.022000
v 0.013024 0.149330 -0.098925
v 0.013490 0.139351 -0.102465
v -0.028000 0.168000 0.022000
v 0.013826 0.129070 -0.105019
v -0.030341 0.098000 0.021769
v 0.014029 0.118586 -0.106560
v -0.030341 0.168000 0.021769
v 0.014097 0.108000 -0.107076
v -0.032592 0.098000 0.021087
v 0.014029 0.097414 -0.106560
v -0.032592 0.168000 0.021087
v -0.034667 0.098000 0.019978
v 0.013826 0.086930 -0.105019
v -0.034667 0.168000 0.019978
v 0.013490 0.076649 -0.102465
v 0.013024 0.066670 -0.098925
v -0.036485 0.098000 0.018485
v -0.036485 0.168000 0.018485
v 0.012432 0.057089 -0.094433
v -0.037978 0.098000 0.016667
v 0.011721 0.047998 -0.089030
v 0.010897 0.039486 -0.082771
v -0.037978 0.168000 0.016667
v -0.039087 0.098000 0.014592
v 0.009968 0.031632 -0.075714
v -0.039087 0.168000 0.014592
v 0.008943 0.024515 -0.067928
v -0.039769 0.098000 0.012341
v 0.007832 0.018201 -0.059488
v -0.039769 0.168000 0.012341
v 0.006645 0.012753 -0.050475
v -0.040000 0.098000 0.010000
v 0.005395 0.008221 -0.040976
v -0.040000 0.168000 0.010000
v 0.004092 0.004650 -0.031083
v -0.039769 0.098000 0.007659
v 0.002750 0.002075 -0.020890
v -0.039769 0.168000 0.007659
v 0.001382 0.000520 -0.010495
v -0.039087 0.098000 0.005408
v 0.002740 0.215480 -0.010225
v 0.005453 0.213925 -0.020352
v -0.039087 0.168000 0.005408
v 0.008114 0.211350 -0.030282
v -0.037978 0.098000 0.003333
v 0.010697 0.207779 -0.039922
v -0.037978 0.168000 0.003333
v 0.013177 0.203247 -0.049176
v -0.036485 0.098000 0.001515
v -0.036485 0.168000 0.001515
v 0.015530 0.197799 -0.057957
v 0.017733 0.191485 -0.066180
v -0.034667 0.098000 0.000022
v -0.034667 0.168000 0.000022
v 0.019765 0.184368 -0.073765
v 0.021608 0.176514 -0.080640
v -0.032592 0.098000 -0.001087
v 0.023242 0.168002 -0.086739
v -0.032592 0.168000 -0.001087
v -0.030341 0.098000 -0.001769
v 0.024652 0.158911 -0.092002
v 0.025825 0.149330 -0.096379
v -0.030341 0.168000 -0.001769
v 0.026749 0.139351 -0.099828
v 0.027415 0.129070 -0.102316
v 0.027818 0.118586 -0.103818
v 0.027952 0.108000 -0.104320
v 0.027818 0.097414 -0.103818
v 0.027415 0.086930 -0.102316
v 0.026749 0.076649 -0.099828
v 0.025825 0.066670 -0.096379
v 0.024652 0.057089 -0.092002
v 0.023242 0.047998 -0.086739
v 0.021608 0.039486 -0.080640
v 0.019765 0.031632 -0.073765
v 0.017733 0.024515 -0.066180
v 0.015530 0.018201 -0.057957
v 0.013177 0.012753 -0.049176
v 0.010697 0.008221 -0.039922
v 0.008114 0.004650 -0.030282
v 0.005453 0.002075 -0.020352
v 0.002740 0.000520 -0.010225
v 0.004051 0.215480 -0.009780
v 0.008063 0.213925 -0.019466
v 0.011997 0.211350 -0.028964
v 0.015816 0.207779 -0.038184
v 0.019483 0.203247 -0.047035
v 0.022962 0.197799 -0.055434
v 0.026219 0.191485 -0.063299
v 0.029225 0.184368 -0.070554
v 0.031948 0.176514 -0.077130
v 0.034364 0.168002 -0.082963
v 0.036450 0.158911 -0.087997
v 0.038184 0.149330 -0.092184
v 0.039550 0.139351 -0.095483
v 0.040536 0.129070 -0.097862
v 0.041131 0.118586 -0.099299
v 0.041330 0.108000 -0.099779
v 0.041131 0.097414 -0.099299
v 0.040536 0.086930 -0.097862
v 0.039550 0.076649 -0.095483
v 0.038184 0.066670 -0.092184
v 0.036450 0.057089 -0.087997
v 0.034364 0.047998 -0.082963
v 0.031948 0.039486 -0.077130
v 0.029225 0.031632 -0.070554
v 0.026219 0.024515 -0.063299
v 0.022962 0.018201 -0.055434
v 0.019483 0.012753 -0.047035
v 0.015816 0.008221 -0.038184
v 0.011997 0.004650 -0.028964
v 0.008063 0.002075 -0.019466
v 0.004051 0.000520 -0.009780
v 0.005293 0.215480 -0.009168
v 0.010535 0.213925 -0.018247
v 0.015675 0.211350 -0.027151
v 0.020665 0.207779 -0.035793
v 0.025455 0.203247 -0.044090
v 0.030001 0.197799 -0.051963
v 0.034257 0.191485 -0.059335
v 0.038184 0.184368 -0.066136
v 0.041743 0.176514 -0.072300
v 0.044899 0.168002 -0.077768
v 0.047624 0.158911 -0.082487
v 0.049890 0.149330 -0.086411
v 0.051675 0.139351 -0.089503
v 0.052962 0.129070 -0.091734
v 0.053740 0.118586 -0.093080
v 0.054000 0.108000 -0.093531
v 0.053740 0.097414 -0.093080
v 0.052962 0.086930 -0.091734
v 0.051675 0.076649 -0.089503
v 0.049890 0.066670 -0.086411
v 0.047624 0.057089 -0.082487
v 0.044899 0.047998 -0.077768
v 0.041743 0.039486 -0.072300
v 0.038184 0.031632 -0.066136
v 0.034257 0.024515 -0.059335
v 0.030001 0.018201 -0.051963
v 0.025455 0.012753 -0.044090
v 0.020665 0.008221 -0.035793
v 0.015675 0.004650 -0.027151
v 0.010535 0.002075 -0.018247
v 0.005293 0.000520 -0.009168
v 0.006444 0.215480 -0.008398
v 0.012826 0.213925 -0.016716
v 0.019085 0.211350 -0.024872
v 0.025160 0.207779 -0.032789
v 0.030993 0.203247 -0.040390
v 0.036527 0.197799 -0.047602
v 0.041709 0.191485 -0.054356
v 0.046490 0.184368 -0.060586
v 0.050823 0.176514 -0.066233
v 0.054666 0.168002 -0.071242
v 0.057983 0.158911 -0.075565
v 0.060742 0.149330 -0.079160
v 0.062915 0.139351 -0.081993
v 0.064483 0.129070 -0.084036
v 0.065430 0.118586 -0.085270
v 0.065746 0.108000 -0.085682
v 0.065430 0.097414 -0.085270
v 0.064483 0.086930 -0.084036
v 0.062915 0.076649 -0.081993
v 0.060742 0.066670 -0.079160
v 0.057983 0.057089 -0.075565
v 0.054666 0.047998 -0.071242
v 0.050823 0.039486 -0.066233
v 0.046490 0.031632 -0.060586
v 0.041709 0.024515 -0.054356
v 0.036527 0.018201 -0.047602
v 0.030993 0.012753 -0.040390
v 0.025160 0.008221 -0.032789
v 0.019085 0.004650 -0.024872
v 0.012826 0.002075 -0.016716
v 0.006444 0.000520 -0.008398
v 0.007485 0.215480 -0.007485
v 0.014899 0.213925 -0.014899
v 0.022168 0.211350 -0.022168
v 0.029225 0.207779 -0.029225
v 0.035999 0.203247 -0.035999
v 0.042428 0.197799 -0.042428
v 0.048447 0.191485 -0.048447
v 0.054000 0.184368 -0.054000
v 0.059033 0.176514 -0.059033
v 0.063497 0.168002 -0.063497
v 0.067350 0.158911 -0.067350
v 0.070554 0.149330 -0.070554
v 0.073079 0.139351 -0.073079
v 0.074900 0.129070 -0.074900
v 0.076000 0.118586 -0.076000
v 0.076368 0.108000 -0.076368
v 0.076000 0.097414 -0.076000
v 0.074900 0.086930 -0.074900
v 0.073079 0.076649 -0.073079
v 0.070554 0.066670 -0.070554
v 0.067350 0.057089 -0.067350
v 0.063497 0.047998 -0.063497
v 0.059033 0.039486 -0.059033
v 0.054000 0.031632 -0.054000
v 0.048447 0.024515 -0.048447
v 0.042428 0.018201 -0.042428
v 0.035999 0.012753 -0.035999
v 0.029225 0.008221 -0.029225
v 0.022168 0.004650 -0.022168
v 0.014899 0.002075 -0.014899
v 0.007485 0.000520 -0.007485
v 0.008398 0.215480 -0.006444
v 0.016716 0.213925 -0.012826
v 0.024872 0.211350 -0.019085
v 0.032789 0.207779 -0.025160
v 0.040390 0.203247 -0.030993
v 0.047602 0.197799 -0.036527
v 0.054356 0.191485 -0.041709
v 0.060586 0.184368 -0.046490
v 0.066233 0.176514 -0.050823
v 0.071242 0.168002 -0.054666
v 0.075565 0.158911 -0.057983
v 0.079160 0.149330 -0.060742
v 0.081993 0.139351 -0.062915
v 0.084036 0.129070 -0.064483
v 0.085270 0.118586 -0.065430
v 0.085682 0.108000 -0.065746
v 0.085270 0.097414 -0.065430
v 0.084036 0.086930 -0.064483
v 0.081993 0.076649 -0.062915
v 0.079160 0.066670 -0.060742
v 0.075565 0.057089 -0.057983
v 0.071242 0.047998 -0.054666
v 0.066233 0.039486 -0.050823
v 0.060586 0.031632 -0.046490
v 0.054356 0.024515 -0.041709
v 0.047602 0.018201 -0.036527
v 0.040390 0.012753 -0.030993
v 0.032789 0.008221 -0.025160
v 0.024872 0.004650 -0.019085
v 0.016716 0.002075 -0.012826
v 0.008398 0.000520 -0.006444
v 0.009168 0.215480 -0.005293
v 0.018247 0.213925 -0.010535
v 0.027151 0.211350 -0.015675
v 0.035793 0.207779 -0.020665
v 0.044090 0.203247 -0.025455
v 0.051963 0.197799 -0.030001
v 0.059335 0.191485 -0.034257
v 0.066136 0.184368 -0.038184
v 0.072300 0.176514 -0.041743
v 0.077768 0.168002 -0.044899
v 0.082487 0.158911 -0.047624
v 0.086411 0.149330 -0.049889
v 0.089503 0.139351 -0.051675
v 0.091734 0.129070 -0.052962
v 0.093080 0.118586 -0.053740
v 0.093531 0.108000 -0.054000
v 0.093080 0.097414 -0.053740
v 0.091734 0.086930 -0.052962
v 0.089503 0.076649 -0.051675
v 0.086411 0.066670 -0.049889
v 0.082487 0.057089 -0.047624
v 0.077768 0.047998 -0.044899
v 0.072300 0.039486 -0.041743
v 0.066136 0.031632 -0.038184
v 0.059335 0.024515 -0.034257
v 0.051963 0.018201 -0.030001
v 0.044090 0.012753 -0.025455
v 0.035793 0.008221 -0.020665
v 0.027151 0.004650 -0.015675
v 0.018247 0.002075 -0.010535
v 0.009168 0.000520 -0.005293
v 0.009780 0.215480 -0.004051
v 0.019466 0.213925 -0.008063
v 0.028964 0.211350 -0.011997
v 0.038184 0.207779 -0.015816
v 0.047035 0.203247 -0.019483
v 0.055434 0.197799 -0.022962
v 0.063299 0.191485 -0.026219
v 0.070554 0.184368 -0.029225
v 0.077130 0.176514 -0.031948
v 0.082963 0.168002 -0.034364
v 0.087997 0.158911 -0.036450
v 0.092184 0.149330 -0.038184
v 0.095483 0.139351 -0.039550
v 0.097862 0.129070 -0.040536
v 0.099299 0.118586 -0.041131
v 0.099779 0.108000 -0.041330
v 0.099299 0.097414 -0.041131
v 0.097862 0.086930 -0.040536
v 0.095483 0.076649 -0.039550
v 0.092184 0.066670 -0.038184
v 0.087997 0.057089 -0.036450
v 0.082963 0.047998 -0.034364
v 0.077130 0.039486 -0.031948
v 0.070554 0.031632 -0.029225
v 0.063299 0.024515 -0.026219
v 0.055434 0.018201 -0.022962
v 0.047035 0.012753 -0.019483
v 0.038184 0.008221 -0.015816
v 0.028964 0.004650 -0.011997
v 0.019466 0.002075 -0.008063
v 0.009780 0.000520 -0.004051
v 0.000000 0.216000 0.000000
v 0.010225 0.215480 -0.002740
v 0.020352 0.213925 -0.005453
v 0.030283 0.211350 -0.008114
v 0.039922 0.207779 -0.010697
v 0.049176 0.203247 -0.013177
v 0.057957 0.197799 -0.015530
v 0.066180 0.191485 -0.017733
v 0.073765 0.184368 -0.019765
v 0.080640 0.176514 -0.021608
v 0.086739 0.168002 -0.023242
v 0.092002 0.158911 -0.024652
v 0.096379 0.149330 -0.025825
v 0.099828 0.139351 -0.026749
v 0.102316 0.129070 -0.027415
v 0.103818 0.118586 -0.027818
v 0.104320 0.108000 -0.027952
v 0.103818 0.097414 -0.027818
v 0.102316 0.086930 -0.027415
v 0.099828 0.076649 -0.026749
v 0.096379 0.066670 -0.025825
v 0.092002 0.057089 -0.024652
v 0.086739 0.047998 -0.023242
v 0.080640 0.039486 -0.021608
v 0.073765 0.031632 -0.019765
v 0.066180 0.024515 -0.017733
v 0.057957 0.018201 -0.015530
v 0.049176 0.012753 -0.013177
v 0.039922 0.008221 -0.010697
v 0.030283 0.004650 -0.008114
v 0.020352 0.002075 -0.005453
v 0.010225 0.000520 -0.002740
v 0.010495 0.215480 -0.001382
v 0.020890 0.213925 -0.002750
v 0.031083 0.211350 -0.004092
v 0.040976 0.207779 -0.005395
v 0.050475 0.203247 -0.006645
v 0.059488 0.197799 -0.007832
v 0.067928 0.191485 -0.008943
v 0.075714 0.184368 -0.009968
v 0.082771 0.176514 -0.010897
v 0.089031 0.168002 -0.011721
v 0.094433 0.158911 -0.012432
v 0.098925 0.149330 -0.013024
v 0.102465 0.139351 -0.013490
v 0.105019 0.129070 -0.013826
v 0.106560 0.118586 -0.014029
v 0.107076 0.108000 -0.014097
v 0.106560 0.097414 -0.014029
v 0.105019 0.086930 -0.013826
v 0.102465 0.076649 -0.013490
v 0.098925 0.066670 -0.013024
v 0.094433 0.057089 -0.012432
v 0.089031 0.047998 -0.011721
v 0.082771 0.039486 -0.010897
v 0.075714 0.031632 -0.009968
v 0.067928 0.024515 -0.008943
v 0.059488 0.018201 -0.007832
v 0.050475 0.012753 -0.006645
v 0.040976 0.008221 -0.005395
v 0.031083 0.004650 -0.004092
v 0.020890 0.002075 -0.002750
v 0.010495 0.000520 -0.001382
v 0.010586 0.215480 0.000000
v 0.021070 0.213925 -0.000000
v 0.031351 0.211350 0.000000
v 0.041330 0.207779 0.000000
v 0.050911 0.203247 0.000000
v 0.060002 0.197799 0.000000
v 0.068514 0.191485 0.000000
v 0.076368 0.184368 0.000000
v 0.083485 0.176514 0.000000
v 0.089799 0.168002 0.000000
v 0.095248 0.158911 0.000000
v 0.099779 0.149330 0.000000
v 0.103350 0.139351 0.000000
v 0.105925 0.129070 0.000000
v 0.107480 0.118586 0.000000
v 0.108000 0.108000 0.000000
v 0.107480 0.097414 0.000000
v 0.105925 0.086930 0.000000
v 0.103350 0.076649 0.000000
v 0.099779 0.066670 0.000000
v 0.095248 0.057089 0.000000
v 0.089799 0.047998 0.000000
v 0.083485 0.039486 0.000000
v 0.076368 0.031632 0.000000
v 0.068514 0.024515 0.000000
v 0.060002 0.018201 0.000000
v 0.050911 0.012753 0.000000
v 0.041330 0.008221 0.000000
v 0.031351 0.004650 0.000000
v 0.021070 0.002075 -0.000000
v 0.010586 0.000520 0.000000
v 0.010495 0.215480 0.001382
v 0.020890 0.213925 0.002750
v 0.031083 0.211350 0.004092
v 0.040976 0.207779 0.005395
v 0.050475 0.203247 0.006645
v 0.059488 0.197799 0.007832
v 0.067928 0.191485 0.008943
v 0.075714 0.184368 0.009968
v 0.082771 0.176514 0.010897
v 0.089031 0.168002 0.011721
v 0.094433 0.158911 0.012432
v 0.098925 0.149330 0.013024
v 0.102465 0.139351 0.013490
v 0.105019 0.129070 0.013826
v 0.106560 0.118586 0.014029
v 0.107076 0.108000 0.014097
v 0.106560 0.097414 0.014029
v 0.105019 0.086930 0.013826
v 0.102465 0.076649 0.013490
v 0.098925 0.066670 0.013024
v 0.094433 0.057089 0.012432
v 0.089031 0.047998 0.011721
v 0.082771 0.039486 0.010897
v 0.075714 0.031632 0.009968
v 0.067928 0.024515 0.008943
v 0.059488 0.018201 0.007832
v 0.050475 0.012753 0.006645
v 0.040976 0.008221 0.005395
v 0.031083 0.004650 0.004092
v 0.020890 0.002075 0.002750
v 0.010495 0.000520 0.001382
v 0.010225 0.215480 0.002740
v 0.020352 0.213925 0.005453
v 0.030283 0.211350 0.008114
v 0.039922 0.207779 0.010697
v 0.049176 0.203247 0.013177
v 0.057957 0.197799 0.015530
v 0.066180 0.191485 0.017733
v 0.073765 0.184368 0.019765
v 0.080640 0.176514 0.021608
v 0.086739 0.168002 0.023242
v 0.092002 0.158911 0.024652
v 0.096379 0.149330 0.025825
v 0.099828 0.139351 0.026749
v 0.102316 0.129070 0.027415
v 0.103818 0.118586 0.027818
v 0.104320 0.108000 0.027952
v 0.103818 0.097414 0.027818
v 0.102316 0.086930 0.027415
v 0.099828 0.076649 0.026749
v 0.096379 0.066670 0.025825
v 0.092002 0.057089 0.024652
v 0.086739 0.047998 0.023242
v 0.080640 0.039486 0.021608
v 0.073765 0.031632 0.019765
v 0.066180 0.024515 0.017733
v 0.057957 0.018201 0.015530
v 0.049176 0.012753 0.013177
v 0.039922 0.008221 0.010697
v 0.030283 0.004650 0.008114
v 0.020352 0.002075 0.005453
v 0.010225 0.000520 0.002740
v 0.009780 0.215480 0.004051
v 0.019466 0.213925 0.008063
v 0.028964 0.211350 0.011997
v 0.038184 0.207779 0.015816
v 0.047036 0.203247 0.019483
v 0.055434 0.197799 0.022962
v 0.063299 0.191485 0.026219
v 0.070554 0.184368 0.029225
v 0.077130 0.176514 0.031948
v 0.082963 0.168002 0.034365
v 0.087997 0.158911 0.036450
v 0.092184 0.149330 0.038184
v 0.095483 0.139351 0.039550
v 0.097862 0.129070 0.040536
v 0.099299 0.118586 0.041131
v 0.099779 0.108000 0.041330
v 0.099299 0.097414 0.041131
v 0.097862 0.086930 0.040536
v 0.095483 0.076649 0.039550
v 0.092184 0.066670 0.038184
v 0.087997 0.057089 0.036450
v 0.082963 0.047998 0.034365
v 0.077130 0.039486 0.031948
v 0.070554 0.031632 0.029225
v 0.063299 0.024515 0.026219
v 0.055434 0.018201 0.022962
v 0.047036 0.012753 0.019483
v 0.038184 0.008221 0.015816
v 0.028964 0.004650 0.011997
v 0.019466 0.002075 0.008063
v 0.009780 0.000520 0.004051
v 0.009168 0.215480 0.005293
v 0.018247 0.213925 0.010535
v 0.027151 0.211350 0.015675
v 0.035793 0.207779 0.020665
v 0.044090 0.203247 0.025455
v 0.051963 0.197799 0.030001
v 0.059335 0.191485 0.034257
v 0.066136 0.184368 0.038184
v 0.072300 0.176514 0.041743
v 0.077768 0.168002 0.044899
v 0.082487 0.158911 0.047624
v 0.086411 0.149330 0.049890
v 0.089503 0.139351 0.051675
v 0.091734 0.129070 0.052962
v 0.093080 0.118586 0.053740
v 0.093531 0.108000 0.054000
v 0.093080 0.097414 0.053740
v 0.091734 0.086930 0.052962
v 0.089503 0.076649 0.051675
v 0.086411 0.066670 0.049890
v 0.082487 0.057089 0.047624
v 0.077768 0.047998 0.044899
v 0.072300 0.039486 0.041743
v 0.066136 0.031632 0.038184
v 0.059335 0.024515 0.034257
v 0.051963 0.018201 0.030001
v 0.044090 0.012753 0.025455
v 0.035793 0.008221 0.020665
v 0.027151 0.004650 0.015675
v 0.018247 0.002075 0.010535
v 0.009168 0.000520 0.005293
v 0.008398 0.215480 0.006444
v 0.016716 0.213925 0.012826
v 0.024872 0.211350 0.019085
v 0.032789 0.207779 0.025160
v 0.040390 0.203247 0.030993
v 0.047602 0.197799 0.036527
v 0.054356 0.191485 0.041709
v 0.060586 0.184368 0.046490
v 0.066233 0.176514 0.050823
v 0.071242 0.168002 0.054666
v 0.075565 0.158911 0.057983
v 0.079160 0.149330 0.060742
v 0.081993 0.139351 0.062915
v 0.084036 0.129070 0.064483
v 0.085270 0.118586 0.065430
v 0.085682 0.108000 0.065746
v 0.085270 0.097414 0.065430
v 0.084036 0.086930 0.064483
v 0.081993 0.076649 0.062915
v 0.079160 0.066670 0.060742
v 0.075565 0.057089 0.057983
v 0.071242 0.047998 0.054666
v 0.066233 0.039486 0.050823
v 0.060586 0.031632 0.046490
v 0.054356 0.024515 0.041709
v 0.047602 0.018201 0.036527
v 0.040390 0.012753 0.030993
v 0.032789 0.008221 0.025160
v 0.024872 0.004650 0.019085
v 0.016716 0.002075 0.012826
v 0.008398 0.000520 0.006444
v 0.007485 0.215480 0.007485
v 0.014899 0.213925 0.014899
v 0.022168 0.211350 0.022168
v 0.029225 0.207779 0.029225
v 0.035999 0.203247 0.035999
v 0.042428 0.197799 0.042428
v 0.048447 0.191485 0.048447
v 0.054000 0.184368 0.054000
v 0.059033 0.176514 0.059033
v 0.063497 0.168002 0.063497
v 0.067350 0.158911 0.067350
v 0.070554 0.149330 0.070554
v 0.073079 0.139351 0.073079
v 0.074900 0.129070 0.074900
v 0.076000 0.118586 0.076000
v 0.076368 0.108000 0.076368
v 0.076000 0.097414 0.076000
v 0.074900 0.086930 0.074900
v 0.073079 0.076649 0.073079
v 0.070554 0.066670 0.070554
v 0.067350 0.057089 0.067350
v 0.063497 0.047998 0.063497
v 0.059033 0.039486 0.059033
v 0.054000 0.031632 0.054000
v 0.048447 0.024515 0.048447
v 0.042428 0.018201 0.042428
v 0.035999 0.012753 0.035999
v 0.029225 0.008221 0.029225
v 0.022168 0.004650 0.022168
v 0.014899 0.002075 0.014899
v 0.007485 0.000520 0.007485
v 0.006444 0.215480 0.008398
v 0.012826 0.213925 0.016716
v 0.019085 0.211350 0.024872
v 0.025160 0.207779 0.032789
v 0.030993 0.203247 0.040390
v 0.036527 0.197799 0.047602
v 0.041709 0.191485 0.054356
v 0.046490 0.184368 0.060586
v 0.050823 0.176514 0.066233
v 0.054666 0.168002 0.071242
v 0.057983 0.158911 0.075565
v 0.060742 0.149330 0.079160
v 0.062915 0.139351 0.081993
v 0.064483 0.129070 0.084036
v 0.065430 0.118586 0.085270
v 0.065746 0.108000 0.085682
v 0.065430 0.097414 0.085270
v 0.064483 0.086930 0.084036
v 0.062915 0.076649 0.081993
v 0.060742 0.066670 0.079160
v 0.057983 0.057089 0.075565
v 0.054666 0.047998 0.071242
v 0.050823 0.039486 0.066233
v 0.046490 0.031632 0.060586
v 0.041709 0.024515 0.054356
v 0.036527 0.018201 0.047602
v 0.030993 0.012753 0.040390
v 0.025160 0.008221 0.032789
v 0.019085 0.004650 0.024872
v 0.012826 0.002075 0.016716
v 0.006444 0.000520 0.008398
v 0.005293 0.215480 0.009168
v 0.010535 0.213925 0.018247
v 0.015675 0.211350 0.027151
v 0.020665 0.207779 0.035793
v 0.025455 0.203247 0.044090
v 0.030001 0.197799 0.051963
v 0.034257 0.191485 0.059335
v 0.038184 0.184368 0.066136
v 0.041743 0.176514 0.072300
v 0.044899 0.168002 0.077768
v 0.047624 0.158911 0.082487
v 0.049890 0.149330 0.086411
v 0.051675 0.139351 0.089503
v 0.052962 0.129070 0.091734
v 0.053740 0.118586 0.093080
v 0.054000 0.108000 0.093531
v 0.053740 0.097414 0.093080
v 0.052962 0.086930 0.091734
v 0.051675 0.076649 0.089503
v 0.049890 0.066670 0.086411
v 0.047624 0.057089 0.082487
v 0.044899 0.047998 0.077768
v 0.041743 0.039486 0.072300
v 0.038184 0.031632 0.066136
v 0.034257 0.024515 0.059335
v 0.030001 0.018201 0.051963
v 0.025455 0.012753 0.044090
v 0.020665 0.008221 0.035793
v 0.015675 0.004650 0.027151
v 0.010535 0.002075 0.018247
v 0.005293 0.000520 0.009168
v 0.004051 0.215480 0.009780
v 0.008063 0.213925 0.019466
v 0.011997 0.211350 0.028964
v 0.015816 0.207779 0.038184
v 0.019483 0.203247 0.047036
v 0.022962 0.197799 0.055434
v 0.026219 0.191485 0.063299
v 0.029225 0.184368 0.070554
v 0.031948 0.176514 0.077130
v 0.034364 0.168002 0.082963
v 0.036450 0.158911 0.087997
v 0.038184 0.149330 0.092184
v 0.039550 0.139351 0.095483
v 0.040536 0.129070 0.097862
v 0.041131 0.118586 0.099299
v 0.041330 0.108000 0.099779
v 0.041131 0.097414 0.099299
v 0.040536 0.086930 0.097862
v 0.039550 0.076649 0.095483
v 0.038184 0.066670 0.092184
v 0.036450 0.057089 0.087997
v 0.034364 0.047998 0.082963
v 0.031948 0.039486 0.077130
v 0.029225 0.031632 0.070554
v 0.026219 0.024515 0.063299
v 0.022962 0.018201 0.055434
v 0.019483 0.012753 0.047036
v 0.015816 0.008221 0.038184
v 0.011997 0.004650 0.028964
v 0.008063 0.002075 0.019466
v 0.004051 0.000520 0.009780
v 0.002740 0.215480 0.010225
v 0.005453 0.213925 0.020352
v 0.008114 0.211350 0.030283
v 0.010697 0.207779 0.039922
v 0.013177 0.203247 0.049176
v 0.015530 0.197799 0.057957
v 0.017733 0.191485 0.066180
v 0.019765 0.184368 0.073765
v 0.021608 0.176514 0.080640
v 0.023242 0.168002 0.086739
v 0.024652 0.158911 0.092002
v 0.025825 0.149330 0.096379
v 0.026749 0.139351 0.099828
v 0.027415 0.129070 0.102316
v 0.027818 0.118586 0.103818
v 0.027952 0.108000 0.104320
v 0.027818 0.097414 0.103818
v 0.027415 0.086930 0.102316
v 0.026749 0.076649 0.099828
v 0.025825 0.066670 0.096379
v 0.024652 0.057089 0.092002
v 0.023242 0.047998 0.086739
v 0.021608 0.039486 0.080640
v 0.019765 0.031632 0.073765
v 0.017733 0.024515 0.066180
v 0.015530 0.018201 0.057957
v 0.013177 0.012753 0.049176
v 0.010697 0.008221 0.039922
v 0.008114 0.004650 0.030283
v 0.005453 0.002075 0.020352
v 0.002740 0.000520 0.010225
v 0.001382 0.215480 0.010495
v 0.002750 0.213925 0.020890
v 0.004092 0.211350 0.031083
v 0.005395 0.207779 0.040976
v 0.006645 0.203247 0.050475
v 0.007832 0.197799 0.059488
v 0.008943 0.191485 0.067928
v 0.009968 0.184368 0.075714
v 0.010897 0.176514 0.082771
v 0.011721 0.168002 0.089031
v 0.012432 0.158911 0.094433
v 0.013024 0.149330 0.098925
v 0.013490 0.139351 0.102465
v 0.013826 0.129070 0.105019
v 0.014029 0.118586 0.106561
v 0.014097 0.108000 0.107076
v 0.014029 0.097414 0.106561
v 0.013826 0.086930 0.105019
v 0.013490 0.076649 0.102465
v 0.013024 0.066670 0.098925
v 0.012432 0.057089 0.094433
v 0.011721 0.047998 0.089031
v 0.010897 0.039486 0.082771
v 0.009968 0.031632 0.075714
v 0.008943 0.024515 0.067928
v 0.007832 0.018201 0.059488
v 0.006645 0.012753 0.050475
v 0.005395 0.008221 0.040976
v 0.004092 0.004650 0.031083
v 0.002750 0.002075 0.020890
v 0.001382 0.000520 0.010495
v 0.000000 0.215480 0.010586
v -0.000000 0.213925 0.021070
v -0.000000 0.211350 0.031351
v -0.000000 0.207779 0.041330
v -0.000000 0.203247 0.050911
v -0.000000 0.197799 0.060002
v -0.000000 0.191485 0.068515
v -0.000000 0.184368 0.076368
v -0.000000 0.176514 0.083485
v -0.000000 0.168002 0.089799
v -0.000000 0.158911 0.095248
v -0.000000 0.149330 0.099779
v -0.000000 0.139351 0.103350
v -0.000000 0.129070 0.105925
v -0.000000 0.118586 0.107480
v -0.000000 0.108000 0.108000
v -0.000000 0.097414 0.107480
v -0.000000 0.086930 0.105925
v -0.000000 0.076649 0.103350
v -0.000000 0.066670 0.099779
v -0.000000 0.057089 0.095248
v -0.000000 0.047998 0.089799
v -0.000000 0.039486 0.083485
v -0.000000 0.031632 0.076368
v -0.000000 0.024515 0.068515
v -0.000000 0.018201 0.060002
v -0.000000 0.012753 0.050911
v -0.000000 0.008221 0.041330
v -0.000000 0.004650 0.031351
v -0.000000 0.002075 0.021070
v 0.000000 0.000520 0.010586
v 0.000000 0.000000 0.000000
v -0.001382 0.215480 0.010495
v -0.002750 0.213925 0.020890
v -0.004092 0.211350 0.031083
v -0.005395 0.207779 0.040976
v -0.006645 0.203247 0.050475
v -0.007832 0.197799 0.059488
v -0.008943 0.191485 0.067928
v -0.009968 0.184368 0.075714
v -0.010897 0.176514 0.082771
v -0.011721 0.168002 0.089031
v -0.012432 0.158911 0.094433
v -0.013024 0.149330 0.098925
v -0.013490 0.139351 0.102465
v -0.013826 0.129070 0.105019
v -0.014029 0.118586 0.106561
v -0.014097 0.108000 0.107076
v -0.014029 0.097414 0.106561
v -0.013826 0.086930 0.105019
v -0.013490 0.076649 0.102465
v -0.013024 0.066670 0.098925
v -0.012432 0.057089 0.094433
v -0.011721 0.047998 0.089031
v -0.010897 0.039486 0.082771
v -0.009968 0.031632 0.075714
v -0.008943 0.024515 0.067928
v -0.007832 0.018201 0.059488
v -0.006645 0.012753 0.050475
v -0.005395 0.008221 0.040976
v -0.004092 0.004650 0.031083
v -0.002750 0.002075 0.020890
v -0.001382 0.000520 0.010495
v -0.002740 0.215480 0.010225
v -0.005453 0.213925 0.020352
v -0.008114 0.211350 0.030283
v -0.010697 0.207779 0.039922
v -0.013177 0.203247 0.049176
v -0.015530 0.197799 0.057957
v -0.017733 0.191485 0.066180
v -0.019765 0.184368 0.073765
v -0.021608 0.176514 0.080640
v -0.023242 0.168002 0.086739
v -0.024652 0.158911 0.092002
v -0.025825 0.149330 0.096379
v -0.026749 0.139351 0.099828
v -0.027415 0.129070 0.102316
v -0.027818 0.118586 0.103818
v -0.027952 0.108000 0.104320
v -0.027818 0.097414 0.103818
v -0.027415 0.086930 0.102316
v -0.026749 0.076649 0.099828
v -0.025825 0.066670 0.096379
v -0.024652 0.057089 0.092002
v -0.023242 0.047998 0.086739
v -0.021608 0.039486 0.080640
v -0.019765 0.031632 0.073765
v -0.017733 0.024515 0.066180
v -0.015530 0.018201 0.057957
v -0.013177 0.012753 0.049176
v -0.010697 0.008221 0.039922
v -0.008114 0.004650 0.030283
v -0.005453 0.002075 0.020352
v -0.002740 0.000520 0.010225
v -0.004051 0.215480 0.009780
v -0.008063 0.213925 0.019466
v -0.011997 0.211350 0.028964
v -0.015816 0.207779 0.038184
v -0.019483 0.203247 0.047036
v -0.022962 0.197799 0.055434
v -0.026219 0.191485 0.063299
v -0.029225 0.184368 0.070554
v -0.031948 0.176514 0.077130
v -0.034365 0.168002 0.082963
v -0.036450 0.158911 0.087997
v -0.038184 0.149330 0.092184
v -0.039550 0.139351 0.095483
v -0.040536 0.129070 0.097862
v -0.041131 0.118586 0.099299
v -0.041330 0.108000 0.099779
v -0.041131 0.097414 0.099299
v -0.040536 0.086930 0.097862
v -0.039550 0.076649 0.095483
v -0.038184 0.066670 0.092184
v -0.036450 0.057089 0.087997
v -0.034365 0.047998 0.082963
v -0.031948 0.039486 0.077130
v -0.029225 0.031632 0.070554
v -0.026219 0.024515 0.063299
v -0.022962 0.018201 0.055434
v -0.019483 0.012753 0.047036
v -0.015816 0.008221 0.038184
v -0.011997 0.004650 0.028964
v -0.008063 0.002075 0.019466
v -0.004051 0.000520 0.009780
v -0.005293 0.215480 0.009168
v -0.010535 0.213925 0.018247
v -0.015675 0.211350 0.027151
v -0.020665 0.207779 0.035793
v -0.025455 0.203247 0.044090
v -0.030001 0.197799 0.051963
v -0.034257 0.191485 0.059335
v -0.038184 0.184368 0.066136
v -0.041743 0.176514 0.072300
v -0.044899 0.168002 0.077768
v -0.047624 0.158911 0.082487
v -0.049890 0.149330 0.086411
v -0.051675 0.139351 0.089503
v -0.052962 0.129070 0.091734
v -0.053740 0.118586 0.093080
v -0.054000 0.108000 0.093531
v -0.053740 0.097414 0.093080
v -0.052962 0.086930 0.091734
v -0.051675 0.076649 0.089503
v -0.049890 0.066670 0.086411
v -0.047624 0.057089 0.082487
v -0.044899 0.047998 0.077768
v -0.041743 0.039486 0.072300
v -0.038184 0.031632 0.066136
v -0.034257 0.024515 0.059335
v -0.030001 0.018201 0.051963
v -0.025455 0.012753 0.044090
v -0.020665 0.008221 0.035793
v -0.015675 0.004650 0.027151
v -0.010535 0.002075 0.018247
v -0.005293 0.000520 0.009168
v -0.006444 0.215480 0.008398
v -0.012826 0.213925 0.016716
v -0.019085 0.211350 0.024872
v -0.025160 0.207779 0.032789
v -0.030993 0.203247 0.040390
v -0.036527 0.197799 0.047602
v -0.041709 0.191485 0.054356
v -0.046490 0.184368 0.060586
v -0.050823 0.176514 0.066233
v -0.054666 0.168002 0.071242
v -0.057983 0.158911 0.075565
v -0.060742 0.149330 0.079160
v -0.062915 0.139351 0.081993
v -0.064483 0.129070 0.084036
v -0.065430 0.118586 0.085270
v -0.065746 0.108000 0.085682
v -0.065430 0.097414 0.085270
v -0.064483 0.086930 0.084036
v -0.062915 0.076649 0.081993
v -0.060742 0.066670 0.079160
v -0.057983 0.057089 0.075565
v -0.054666 0.047998 0.071242
v -0.050823 0.039486 0.066233
v -0.046490 0.031632 0.060586
v -0.041709 0.024515 0.054356
v -0.036527 0.018201 0.047602
v -0.030993 0.012753 0.040390
v -0.025160 0.008221 0.032789
v -0.019085 0.004650 0.024872
v -0.012826 0.002075 0.016716
v -0.006444 0.000520 0.008398
v -0.007485 0.215480 0.007485
v -0.014899 0.213925 0.014899
v -0.022168 0.211350 0.022168
v -0.029225 0.207779 0.029225
v -0.035999 0.203247 0.035999
v -0.042428 0.197799 0.042428
v -0.048447 0.191485 0.048447
v -0.054000 0.184368 0.054000
v -0.059033 0.176514 0.059033
v -0.063497 0.168002 0.063497
v -0.067350 0.158911 0.067350
v -0.070554 0.149330 0.070554
v -0.073079 0.139351 0.073079
v -0.074900 0.129070 0.074900
v -0.076000 0.118586 0.076000
v -0.076368 0.108000 0.076368
v -0.076000 0.097414 0.076000
v -0.074900 0.086930 0.074900
v -0.073079 0.076649 0.073079
v -0.070554 0.066670 0.070554
v -0.067350 0.057089 0.067350
v -0.063497 0.047998 0.063497
v -0.059033 0.039486 0.059033
v -0.054000 0.031632 0.054000
v -0.048447 0.024515 0.048447
v -0.042428 0.018201 0.042428
v -0.035999 0.012753 0.035999
v -0.029225 0.008221 0.029225
v -0.022168 0.004650 0.022168
v -0.014899 0.002075 0.014899
v -0.007485 0.000520 0.007485
v -0.008398 0.215480 0.006444
v -0.016716 0.213925 0.012826
v -0.024872 0.211350 0.019085
v -0.032789 0.207779 0.025160
v -0.040390 0.203247 0.030993
v -0.047603 0.197799 0.036527
v -0.054356 0.191485 0.041709
v -0.060586 0.184368 0.046490
v -0.066233 0.176514 0.050823
v -0.071242 0.168002 0.054666
v -0.075565 0.158911 0.057983
v -0.079160 0.149330 0.060742
v -0.081993 0.139351 0.062915
v -0.084036 0.129070 0.064483
v -0.085270 0.118586 0.065430
v -0.085682 0.108000 0.065746
v -0.085270 0.097414 0.065430
v -0.084036 0.086930 0.064483
v -0.081993 0.076649 0.062915
v -0.079160 0.066670 0.060742
v -0.075565 0.057089 0.057983
v -0.071242 0.047998 0.054666
v -0.066233 0.039486 0.050823
v -0.060586 0.031632 0.046490
v -0.054356 0.024515 0.041709
v -0.047603 0.018201 0.036527
v -0.040390 0.012753 0.030993
v -0.032789 0.008221 0.025160
v -0.024872 0.004650 0.019085
v -0.016716 0.002075 0.012826
v -0.008398 0.000520 0.006444
v -0.009168 0.215480 0.005293
v -0.018247 0.213925 0.010535
v -0.027151 0.211350 0.015675
v -0.035793 0.207779 0.020665
v -0.044090 0.203247 0.025455
v -0.051963 0.197799 0.030001
v -0.059335 0.191485 0.034257
v -0.066136 0.184368 0.038184
v -0.072300 0.176514 0.041743
v -0.077768 0.168002 0.044899
v -0.082487 0.158911 0.047624
v -0.086411 0.149330 0.049890
v -0.089503 0.139351 0.051675
v -0.091734 0.129070 0.052962
v -0.093080 0.118586 0.053740
v -0.093531 0.108000 0.054000
v -0.093080 0.097414 0.053740
v -0.091734 0.086930 0.052962
v -0.089503 0.076649 0.051675
v -0.086411 0.066670 0.049890
v -0.082487 0.057089 0.047624
v -0.077768 0.047998 0.044899
v -0.072300 0.039486 0.041743
v -0.066136 0.031632 0.038184
v -0.059335 0.024515 0.034257
v -0.051963 0.018201 0.030001
v -0.044090 0.012753 0.025455
v -0.035793 0.008221 0.020665
v -0.027151 0.004650 0.015675
v -0.018247 0.002075 0.010535
v -0.009168 0.000520 0.005293
v -0.009780 0.215480 0.004051
v -0.019466 0.213925 0.008063
v -0.028964 0.211350 0.011997
v -0.038184 0.207779 0.015816
v -0.047036 0.203247 0.019483
v -0.055434 0.197799 0.022962
v -0.063299 0.191485 0.026219
v -0.070554 0.184368 0.029225
v -0.077130 0.176514 0.031948
v -0.082963 0.168002 0.034364
v -0.087997 0.158911 0.036450
v -0.092184 0.149330 0.038184
v -0.095483 0.139351 0.039550
v -0.097862 0.129070 0.040536
v -0.099299 0.118586 0.041131
v -0.099779 0.108000 0.041330
v -0.099299 0.097414 0.041131
v -0.097862 0.086930 0.040536
v -0.095483 0.076649 0.039550
v -0.092184 0.066670 0.038184
v -0.087997 0.057089 0.036450
v -0.082963 0.047998 0.034364
v -0.077130 0.039486 0.031948
v -0.070554 0.031632 0.029225
v -0.063299 0.024515 0.026219
v -0.055434 0.018201 0.022962
v -0.047036 0.012753 0.019483
v -0.038184 0.008221 0.015816
v -0.028964 0.004650 0.011997
v -0.019466 0.002075 0.008063
v -0.009780 0.000520 0.004051
v -0.010225 0.215480 0.002740
v -0.020352 0.213925 0.005453
v -0.030283 0.211350 0.008114
v -0.039922 0.207779 0.010697
v -0.049176 0.203247 0.013177
v -0.057957 0.197799 0.015530
v -0.066180 0.191485 0.017733
v -0.073765 0.184368 0.019765
v -0.080640 0.176514 0.021608
v -0.086739 0.168002 0.023242
v -0.092002 0.158911 0.024652
v -0.096379 0.149330 0.025825
v -0.099828 0.139351 0.026749
v -0.102316 0.129070 0.027415
v -0.103818 0.118586 0.027818
v -0.104320 0.108000 0.027952
v -0.103818 0.097414 0.027818
v -0.102316 0.086930 0.027415
v -0.099828 0.076649 0.026749
v -0.096379 0.066670 0.025825
v -0.092002 0.057089 0.024652
v -0.086739 0.047998 0.023242
v -0.080640 0.039486 0.021608
v -0.073765 0.031632 0.019765
v -0.066180 0.024515 0.017733
v -0.057957 0.018201 0.015530
v -0.049176 0.012753 0.013177
v -0.039922 0.008221 0.010697
v -0.030283 0.004650 0.008114
v -0.020352 0.002075 0.005453
v -0.010225 0.000520 0.002740
v -0.010495 0.215480 0.001382
v -0.020890 0.213925 0.002750
v -0.031083 0.211350 0.004092
v -0.040976 0.207779 0.005395
v -0.050475 0.203247 0.006645
v -0.059488 0.197799 0.007832
v -0.067928 0.191485 0.008943
v -0.075714 0.184368 0.009968
v -0.082771 0.176514 0.010897
v -0.089031 0.168002 0.011721
v -0.094433 0.158911 0.012432
v -0.098925 0.149330 0.013024
v -0.102465 0.139351 0.013490
v -0.105019 0.129070 0.013826
v -0.106561 0.118586 0.014029
v -0.107076 0.108000 0.014097
v -0.106561 0.097414 0.014029
v -0.105019 0.086930 0.013826
v -0.102465 0.076649 0.013490
v -0.098925 0.066670 0.013024
v -0.094433 0.057089 0.012432
v -0.089031 0.047998 0.011721
v -0.082771 0.039486 0.010897
v -0.075714 0.031632 0.009968
v -0.067928 0.024515 0.008943
v -0.059488 0.018201 0.007832
v -0.050475 0.012753 0.006645
v -0.040976 0.008221 0.005395
v -0.031083 0.004650 0.004092
v -0.020890 0.002075 0.002750
v -0.010495 0.000520 0.001382
v -0.010586 0.215480 -0.000000
v -0.021070 0.213925 -0.000000
v -0.031351 0.211350 -0.000000
v -0.041330 0.207779 -0.000000
v -0.050911 0.203247 -0.000000
v -0.060002 0.197799 -0.000000
v -0.068515 0.191485 -0.000000
v -0.076368 0.184368 -0.000000
v -0.083485 0.176514 -0.000000
v -0.089799 0.168002 -0.000000
v -0.095248 0.158911 -0.000000
v -0.099779 0.149330 -0.000000
v -0.103350 0.139351 -0.000000
v -0.105925 0.129070 -0.000000
v -0.107480 0.118586 -0.000000
v -0.108000 0.108000 -0.000000
v -0.107480 0.097414 -0.000000
v -0.105925 0.086930 -0.000000
v -0.103350 0.076649 -0.000000
v -0.099779 0.066670 -0.000000
v -0.095248 0.057089 -0.000000
v -0.089799 0.047998 -0.000000
v -0.083485 0.039486 -0.000000
v -0.076368 0.031632 -0.000000
v -0.068515 0.024515 -0.000000
v -0.060002 0.018201 -0.000000
v -0.050911 0.012753 -0.000000
v -0.041330 0.008221 -0.000000
v -0.031351 0.004650 -0.000000
v -0.021070 0.002075 -0.000000
v -0.010586 0.000520 -0.000000
v -0.010495 0.215480 -0.001382
v -0.020890 0.213925 -0.002750
v -0.031083 0.211350 -0.004092
v -0.040976 0.207779 -0.005395
v -0.050475 0.203247 -0.006645
v -0.059488 0.197799 -0.007832
v -0.067928 0.191485 -0.008943
v -0.075714 0.184368 -0.009968
v -0.082771 0.176514 -0.010897
v -0.089031 0.168002 -0.011721
v -0.094433 0.158911 -0.012432
v -0.098925 0.149330 -0.013024
v -0.102465 0.139351 -0.013490
v -0.105019 0.129070 -0.013826
v -0.106561 0.118586 -0.014029
v -0.107076 0.108000 -0.014097
v -0.106561 0.097414 -0.014029
v -0.105019 0.086930 -0.013826
v -0.102465 0.076649 -0.013490
v -0.098925 0.066670 -0.013024
v -0.094433 0.057089 -0.012432
v -0.089031 0.047998 -0.011721
v -0.082771 0.039486 -0.010897
v -0.075714 0.031632 -0.009968
v -0.067928 0.024515 -0.008943
v -0.059488 0.018201 -0.007832
v -0.050475 0.012753 -0.006645
v -0.040976 0.008221 -0.005395
v -0.031083 0.004650 -0.004092
v -0.020890 0.002075 -0.002750
v -0.010495 0.000520 -0.001382
v -0.010225 0.215480 -0.002740
v -0.020352 0.213925 -0.005453
v -0.030283 0.211350 -0.008114
v -0.039922 0.207779 -0.010697
v -0.049176 0.203247 -0.013177
v -0.057957 0.197799 -0.015530
v -0.066180 0.191485 -0.017733
v -0.073765 0.184368 -0.019765
v -0.080640 0.176514 -0.021608
v -0.086739 0.168002 -0.023242
v -0.092002 0.158911 -0.024652
v -0.096379 0.149330 -0.025825
v -0.099828 0.139351 -0.026749
v -0.102316 0.129070 -0.027415
v -0.103818 0.118586 -0.027818
v -0.104320 0.108000 -0.027952
v -0.103818 0.097414 -0.027818
v -0.102316 0.086930 -0.027415
v -0.099828 0.076649 -0.026749
v -0.096379 0.066670 -0.025825
v -0.092002 0.057089 -0.024652
v -0.086739 0.047998 -0.023242
v -0.080640 0.039486 -0.021608
v -0.073765 0.031632 -0.019765
v -0.066180 0.024515 -0.017733
v -0.057957 0.018201 -0.015530
v -0.049176 0.012753 -0.013177
v -0.039922 0.008221 -0.010697
v -0.030283 0.004650 -0.008114
v -0.020352 0.002075 -0.005453
v -0.010225 0.000520 -0.002740
v -0.009780 0.215480 -0.004051
v -0.019466 0.213925 -0.008063
v -0.028964 0.211350 -0.011997
v -0.038184 0.207779 -0.015816
v -0.047036 0.203247 -0.019483
v -0.055434 0.197799 -0.022962
v -0.063299 0.191485 -0.026219
v -0.070554 0.184368 -0.029225
v -0.077130 0.176514 -0.031948
v -0.082963 0.168002 -0.034365
v -0.087997 0.158911 -0.036450
v -0.092184 0.149330 -0.038184
v -0.095483 0.139351 -0.039550
v -0.097862 0.129070 -0.040536
v -0.099299 0.118586 -0.041131
v -0.099779 0.108000 -0.041330
v -0.099299 0.097414 -0.041131
v -0.097862 0.086930 -0.040536
v -0.095483 0.076649 -0.039550
v -0.092184 0.066670 -0.038184
v -0.087997 0.057089 -0.036450
v -0.082963 0.047998 -0.034365
v -0.077130 0.039486 -0.031948
v -0.070554 0.031632 -0.029225
v -0.063299 0.024515 -0.026219
v -0.055434 0.018201 -0.022962
v -0.047036 0.012753 -0.019483
v -0.038184 0.008221 -0.015816
v -0.028964 0.004650 -0.011997
v -0.019466 0.002075 -0.008063
v -0.009780 0.000520 -0.004051
v -0.009168 0.215480 -0.005293
v -0.018247 0.213925 -0.010535
v -0.027151 0.211350 -0.015675
v -0.035793 0.207779 -0.020665
v -0.044090 0.203247 -0.025455
v -0.051963 0.197799 -0.030001
v -0.059335 0.191485 -0.034257
v -0.066136 0.184368 -0.038184
v -0.072300 0.176514 -0.041743
v -0.077768 0.168002 -0.044899
v -0.082487 0.158911 -0.047624
v -0.086411 0.149330 -0.049890
v -0.089503 0.139351 -0.051675
v -0.091734 0.129070 -0.052962
v -0.093080 0.118586 -0.053740
v -0.093531 0.108000 -0.054000
v -0.093080 0.097414 -0.053740
v -0.091734 0.086930 -0.052962
v -0.089503 0.076649 -0.051675
v -0.086411 0.066670 -0.049890
v -0.082487 0.057089 -0.047624
v -0.077768 0.047998 -0.044899
v -0.072300 0.039486 -0.041743
v -0.066136 0.031632 -0.038184
v -0.059335 0.024515 -0.034257
v -0.051963 0.018201 -0.030001
v -0.044090 0.012753 -0.025455
v -0.035793 0.008221 -0.020665
v -0.027151 0.004650 -0.015675
v -0.018247 0.002075 -0.010535
v -0.009168 0.000520 -0.005293
v -0.008398 0.215480 -0.006444
v -0.016716 0.213925 -0.012826
v -0.024872 0.211350 -0.019085
v -0.032789 0.207779 -0.025160
v -0.040390 0.203247 -0.030993
v -0.047602 0.197799 -0.036527
v -0.054356 0.191485 -0.041709
v -0.060586 0.184368 -0.046490
v -0.066233 0.176514 -0.050823
v -0.071242 0.168002 -0.054666
v -0.075565 0.158911 -0.057983
v -0.079160 0.149330 -0.060742
v -0.081993 0.139351 -0.062915
v -0.084036 0.129070 -0.064483
v -0.085270 0.118586 -0.065430
v -0.085682 0.108000 -0.065746
v -0.085270 0.097414 -0.065430
v -0.084036 0.086930 -0.064483
v -0.081993 0.076649 -0.062915
v -0.079160 0.066670 -0.060742
v -0.075565 0.057089 -0.057983
v -0.071242 0.047998 -0.054666
v -0.066233 0.039486 -0.050823
v -0.060586 0.031632 -0.046490
v -0.054356 0.024515 -0.041709
v -0.047602 0.018201 -0.036527
v -0.040390 0.012753 -0.030993
v -0.032789 0.008221 -0.025160
v -0.024872 0.004650 -0.019085
v -0.016716 0.002075 -0.012826
v -0.008398 0.000520 -0.006444
v -0.007485 0.215480 -0.007485
v -0.014899 0.213925 -0.014899
v -0.022168 0.211350 -0.022168
v -0.029225 0.207779 -0.029225
v -0.035999 0.203247 -0.035999
v -0.042428 0.197799 -0.042428
v -0.048447 0.191485 -0.048447
v -0.054000 0.184368 -0.054000
v -0.059033 0.176514 -0.059033
v -0.063497 0.168002 -0.063497
v -0.067350 0.158911 -0.067350
v -0.070554 0.149330 -0.070555
v -0.073079 0.139351 -0.073079
v -0.074900 0.129070 -0.074900
v -0.076000 0.118586 -0.076000
v -0.076368 0.108000 -0.076368
v -0.076000 0.097414 -0.076000
v -0.074900 0.086930 -0.074900
v -0.073079 0.076649 -0.073079
v -0.070554 0.066670 -0.070555
v -0.067350 0.057089 -0.067350
v -0.063497 0.047998 -0.063497
v -0.059033 0.039486 -0.059033
v -0.054000 0.031632 -0.054000
v -0.048447 0.024515 -0.048447
v -0.042428 0.018201 -0.042428
v -0.035999 0.012753 -0.035999
v -0.029225 0.008221 -0.029225
v -0.022168 0.004650 -0.022168
v -0.014899 0.002075 -0.014899
v -0.007485 0.000520 -0.007485
v -0.006444 0.215480 -0.008398
v -0.012826 0.213925 -0.016716
v -0.019085 0.211350 -0.024872
v -0.025160 0.207779 -0.032789
v -0.030993 0.203247 -0.040390
v -0.036527 0.197799 -0.047603
v -0.041709 0.191485 -0.054356
v -0.046490 0.184368 -0.060587
v -0.050823 0.176514 -0.066233
v -0.054666 0.168002 -0.071242
v -0.057983 0.158911 -0.075565
v -0.060742 0.149330 -0.079160
v -0.062915 0.139351 -0.081993
v -0.064483 0.129070 -0.084036
v -0.065430 0.118586 -0.085270
v -0.065746 0.108000 -0.085682
v -0.065430 0.097414 -0.085270
v -0.064483 0.086930 -0.084036
v -0.062915 0.076649 -0.081993
v -0.060742 0.066670 -0.079160
v -0.057983 0.057089 -0.075565
v -0.054666 0.047998 -0.071242
v -0.050823 0.039486 -0.066233
v -0.046490 0.031632 -0.060587
v -0.041709 0.024515 -0.054356
v -0.036527 0.018201 -0.047603
v -0.030993 0.012753 -0.040390
v -0.025160 0.008221 -0.032789
v -0.019085 0.004650 -0.024872
v -0.012826 0.002075 -0.016716
v -0.006444 0.000520 -0.008398
v -0.005293 0.215480 -0.009168
v -0.010535 0.213925 -0.018247
v -0.015675 0.211350 -0.027151
v -0.020665 0.207779 -0.035793
v -0.025455 0.203247 -0.044090
v -0.030001 0.197799 -0.051963
v -0.034257 0.191485 -0.059335
v -0.038184 0.184368 -0.066136
v -0.041743 0.176514 -0.072300
v -0.044899 0.168002 -0.077768
v -0.047624 0.158911 -0.082487
v -0.049890 0.149330 -0.086411
v -0.051675 0.139351 -0.089503
v -0.052962 0.129070 -0.091734
v -0.053740 0.118586 -0.093080
v -0.054000 0.108000 -0.093531
v -0.053740 0.097414 -0.093080
v -0.052962 0.086930 -0.091734
v -0.051675 0.076649 -0.089503
v -0.049890 0.066670 -0.086411
v -0.047624 0.057089 -0.082487
v -0.044899 0.047998 -0.077768
v -0.041743 0.039486 -0.072300
v -0.038184 0.031632 -0.066136
v -0.034257 0.024515 -0.059335
v -0.030001 0.018201 -0.051963
v -0.025455 0.012753 -0.044090
v -0.020665 0.008221 -0.035793
v -0.015675 0.004650 -0.027151
v -0.010535 0.002075 -0.018247
v -0.005293 0.000520 -0.009168
v -0.004051 0.215480 -0.009780
v -0.008063 0.213925 -0.019466
v -0.011997 0.211350 -0.028964
v -0.015816 0.207779 -0.038184
v -0.019483 0.203247 -0.047036
v -0.022962 0.197799 -0.055434
v -0.026219 0.191485 -0.063299
v -0.029225 0.184368 -0.070554
v -0.031948 0.176514 -0.077130
v -0.034365 0.168002 -0.082963
v -0.036450 0.158911 -0.087997
v -0.038184 0.149330 -0.092184
v -0.039550 0.139351 -0.095483
v -0.040536 0.129070 -0.097862
v -0.041131 0.118586 -0.099299
v -0.041330 0.108000 -0.099779
v -0.041131 0.097414 -0.099299
v -0.040536 0.086930 -0.097862
v -0.039550 0.076649 -0.095483
v -0.038184 0.066670 -0.092184
v -0.036450 0.057089 -0.087997
v -0.034365 0.047998 -0.082963
v -0.031948 0.039486 -0.077130
v -0.029225 0.031632 -0.070554
v -0.026219 0.024515 -0.063299
v -0.022962 0.018201 -0.055434
v -0.019483 0.012753 -0.047036
v -0.015816 0.008221 -0.038184
v -0.011997 0.004650 -0.028964
v -0.008063 0.002075 -0.019466
v -0.004051 0.000520 -0.009780
v -0.002740 0.215480 -0.010225
v -0.005453 0.213925 -0.020352
v -0.008114 0.211350 -0.030283
v -0.010697 0.207779 -0.039922
v -0.013177 0.203247 -0.049176
v -0.015530 0.197799 -0.057957
v -0.017733 0.191485 -0.066180
v -0.019765 0.184368 -0.073765
v -0.021608 0.176514 -0.080640
v -0.023242 0.168002 -0.086739
v -0.024652 0.158911 -0.092002
v -0.025825 0.149330 -0.096379
v -0.026749 0.139351 -0.099828
v -0.027415 0.129070 -0.102316
v -0.027818 0.118586 -0.103818
v -0.027952 0.108000 -0.104320
v -0.027818 0.097414 -0.103818
v -0.027415 0.086930 -0.102316
v -0.026749 0.076649 -0.099828
v -0.025825 0.066670 -0.096379
v -0.024652 0.057089 -0.092002
v -0.023242 0.047998 -0.086739
v -0.021608 0.039486 -0.080640
v -0.019765 0.031632 -0.073765
v -0.017733 0.024515 -0.066180
v -0.015530 0.018201 -0.057957
v -0.013177 0.012753 -0.049176
v -0.010697 0.008221 -0.039922
v -0.008114 0.004650 -0.030283
v -0.005453 0.002075 -0.020352
v -0.002740 0.000520 -0.010225
v -0.001382 0.215480 -0.010495
v -0.002750 0.213925 -0.020890
v -0.004092 0.211350 -0.031083
v -0.005395 0.207779 -0.040976
v -0.006645 0.203247 -0.050475
v -0.007832 0.197799 -0.059488
v -0.008943 0.191485 -0.067928
v -0.009968 0.184368 -0.075714
v -0.010897 0.176514 -0.082771
v -0.011721 0.168002 -0.089031
v -0.012432 0.158911 -0.094433
v -0.013024 0.149330 -0.098926
v -0.013490 0.139351 -0.102466
v -0.013826 0.129070 -0.105019
v -0.014029 0.118586 -0.106561
v -0.014097 0.108000 -0.107076
v -0.014029 0.097414 -0.106561
v -0.013826 0.086930 -0.105019
v -0.013490 0.076649 -0.102466
v -0.013024 0.066670 -0.098926
v -0.012432 0.057089 -0.094433
v -0.011721 0.047998 -0.089031
v -0.010897 0.039486 -0.082771
v -0.009968 0.031632 -0.075714
v -0.008943 0.024515 -0.067928
v -0.007832 0.018201 -0.059488
v -0.006645 0.012753 -0.050475
v -0.005395 0.008221 -0.040976
v -0.004092 0.004650 -0.031083
v -0.002750 0.002075 -0.020890
v -0.001382 0.000520 -0.010495
v 0.000000 0.213925 -0.021070
v 0.000000 0.207779 -0.041330
v 0.000000 0.203247 -0.050911
v 0.000000 0.158911 -0.095248
v 0.000000 0.118586 -0.107480
v 0.000000 0.108000 -0.108000
v 0.000000 0.057089 -0.095248
v 0.000000 0.047998 -0.089799
v 0.000000 0.018201 -0.060002
v 0.000000 0.008221 -0.041330
vn -0.0000 0.6857 0.7279
vn -0.0000 -0.6857 0.7279
vn -0.1420 0.6857 0.7139
vn -0.1420 -0.6857 0.7139
vn -0.0000 0.9950 -0.1000
vn -0.2785 0.6857 0.6725
vn -0.2785 -0.6857 0.6725
vn -0.4044 0.6857 0.6052
vn -0.0000 0.9564 -0.2922
vn -0.4044 -0.6857 0.6052
vn -0.5147 0.6857 0.5147
vn -0.5147 -0.6857 0.5147
vn -0.0000 0.8305 -0.5570
vn -0.6052 0.6857 0.4044
vn -0.6052 -0.6857 0.4044
vn -0.6725 0.6857 0.2785
vn -0.6725 -0.6857 0.2785
vn -0.7139 0.6857 0.1420
vn -0.0000 0.7720 -0.6356
vn -0.7139 -0.6857 0.1420
vn -0.7279 0.6857 -0.0000
vn -0.7279 -0.6857 -0.0000
vn -0.7139 0.6857 -0.1420
vn -0.0000 0.7061 -0.7081
vn -0.7139 -0.6857 -0.1420
vn -0.6725 0.6857 -0.2785
vn -0.6725 -0.6857 -0.2785
vn -0.6052 0.6857 -0.4044
vn -0.0000 0.6334 -0.7738
vn -0.6052 -0.6857 -0.4044
vn -0.5147 0.6857 -0.5147
vn -0.5147 -0.6857 -0.5147
vn -0.4044 0.6857 -0.6052
vn -0.0000 0.5546 -0.8321
vn -0.4044 -0.6857 -0.6052
vn -0.0000 0.3820 -0.9242
vn -0.2785 0.6857 -0.6725
vn -0.2785 -0.6857 -0.6725
vn -0.1420 0.6857 -0.7139
vn -0.1420 -0.6857 -0.7139
vn -0.0000 0.6857 -0.7279
vn -0.0000 -0.6857 -0.7279
vn 0.1420 0.6857 -0.7139
vn -0.0000 0.2897 -0.9571
vn 0.1420 -0.6857 -0.7139
vn 0.2785 0.6857 -0.6725
vn -0.0000 0.1947 -0.9809
vn 0.2785 -0.6857 -0.6725
vn 0.4044 0.6857 -0.6052
vn 0.4044 -0.6857 -0.6052
vn -0.0000 -0.0978 -0.9952
vn 0.5147 0.6857 -0.5147
vn 0.5147 -0.6857 -0.5147
vn 0.6052 0.6857 -0.4044
vn 0.6052 -0.6857 -0.4044
vn 0.6725 0.6857 -0.2785
vn 0.6725 -0.6857 -0.2785
vn 0.7139 0.6857 -0.1420
vn -0.0000 -0.1947 -0.9809
vn 0.7139 -0.6857 -0.1420
vn 0.7279 0.6857 -0.0000
vn 0.7279 -0.6857 -0.0000
vn 0.7139 0.6857 0.1420
vn -0.0000 -0.2897 -0.9571
vn 0.7139 -0.6857 0.1420
vn 0.6725 0.6857 0.2785
vn 0.6725 -0.6857 0.2785
vn 0.6052 0.6857 0.4044
vn -0.0000 -0.3820 -0.9242
vn 0.6052 -0.6857 0.4044
vn 0.5147 0.6857 0.5147
vn -0.0000 -0.6334 -0.7738
vn 0.5147 -0.6857 0.5147
vn 0.4044 0.6857 0.6052
vn 0.4044 -0.6857 0.6052
vn 0.2785 0.6857 0.6725
vn 0.2785 -0.6857 0.6725
vn 0.1420 0.6857 0.7139
vn -0.0000 -0.7061 -0.7081
vn 0.1420 -0.6857 0.7139
vn -0.0000 -0.7720 -0.6356
vn -0.0000 -0.8811 -0.4730
vn -0.0000 -0.9564 -0.2922
vn -0.0000 -0.9804 -0.1971
vn -0.0000 -0.9950 -0.1000
vn 0.0131 0.9950 -0.0992
vn 0.0257 0.9804 -0.1954
vn 0.0381 0.9564 -0.2897
vn 0.0502 0.9232 -0.3811
vn 0.0617 0.8811 -0.4689
vn 0.0727 0.8305 -0.5522
vn 0.0830 0.7720 -0.6302
vn 0.0924 0.7061 -0.7021
vn 0.1010 0.6334 -0.7672
vn 0.1086 0.5546 -0.8250
vn 0.1152 0.4706 -0.8748
vn 0.1206 0.3820 -0.9163
vn 0.1249 0.2897 -0.9489
vn 0.1280 0.1947 -0.9725
vn 0.1299 0.0978 -0.9867
vn 0.1305 -0.0000 -0.9914
vn 0.1299 -0.0978 -0.9867
vn 0.1280 -0.1947 -0.9725
vn 0.1249 -0.2897 -0.9489
vn 0.1206 -0.3820 -0.9163
vn 0.1152 -0.4705 -0.8748
vn 0.1086 -0.5546 -0.8250
vn 0.1010 -0.6334 -0.7672
vn 0.0924 -0.7061 -0.7021
vn 0.0830 -0.7720 -0.6302
vn 0.0727 -0.8305 -0.5522
vn 0.0617 -0.8811 -0.4689
vn 0.0502 -0.9232 -0.3811
vn 0.0381 -0.9564 -0.2897
vn 0.0257 -0.9804 -0.1954
vn 0.0131 -0.9950 -0.0992
vn 0.0259 0.9950 -0.0966
vn 0.0510 0.9804 -0.1903
vn 0.0756 0.9564 -0.2822
vn 0.0995 0.9232 -0.3713
vn 0.1224 0.8811 -0.4569
vn 0.1442 0.8305 -0.5380
vn 0.1645 0.7720 -0.6140
vn 0.1833 0.7061 -0.6840
vn 0.2003 0.6334 -0.7475
vn 0.2154 0.5546 -0.8037
vn 0.2284 0.4706 -0.8523
vn 0.2392 0.3820 -0.8927
vn 0.2477 0.2897 -0.9245
vn 0.2539 0.1947 -0.9474
vn 0.2576 0.0978 -0.9613
vn 0.2588 -0.0000 -0.9659
vn 0.2576 -0.0978 -0.9613
vn 0.2539 -0.1947 -0.9474
vn 0.2477 -0.2897 -0.9245
vn 0.2392 -0.3820 -0.8927
vn 0.2284 -0.4705 -0.8523
vn 0.2154 -0.5546 -0.8037
vn 0.2003 -0.6334 -0.7475
vn 0.1833 -0.7061 -0.6840
vn 0.1645 -0.7720 -0.6140
vn 0.1442 -0.8305 -0.5380
vn 0.1224 -0.8811 -0.4569
vn 0.0995 -0.9232 -0.3713
vn 0.0756 -0.9564 -0.2822
vn 0.0510 -0.9804 -0.1903
vn 0.0259 -0.9950 -0.0966
vn 0.0383 0.9950 -0.0924
vn 0.0754 0.9804 -0.1821
vn 0.1118 0.9564 -0.2699
vn 0.1471 0.9232 -0.3552
vn 0.1810 0.8811 -0.4370
vn 0.2131 0.8305 -0.5146
vn 0.2432 0.7720 -0.5872
vn 0.2710 0.7061 -0.6542
vn 0.2961 0.6334 -0.7149
vn 0.3184 0.5546 -0.7688
vn 0.3377 0.4705 -0.8152
vn 0.3537 0.3820 -0.8538
vn 0.3663 0.2897 -0.8843
vn 0.3754 0.1947 -0.9062
vn 0.3808 0.0978 -0.9194
vn 0.3827 -0.0000 -0.9239
vn 0.3808 -0.0978 -0.9194
vn 0.3754 -0.1947 -0.9062
vn 0.3663 -0.2897 -0.8843
vn 0.3537 -0.3820 -0.8538
vn 0.3377 -0.4705 -0.8152
vn 0.3184 -0.5546 -0.7688
vn 0.2961 -0.6334 -0.7149
vn 0.2710 -0.7061 -0.6542
vn 0.2432 -0.7720 -0.5872
vn 0.2131 -0.8305 -0.5146
vn 0.1810 -0.8811 -0.4370
vn 0.1471 -0.9232 -0.3552
vn 0.1118 -0.9564 -0.2699
vn 0.0754 -0.9804 -0.1821
vn 0.0383 -0.9950 -0.0924
vn 0.0500 0.9950 -0.0866
vn 0.0985 0.9804 -0.1707
vn 0.1461 0.9564 -0.2530
vn 0.1922 0.9232 -0.3329
vn 0.2365 0.8811 -0.4096
vn 0.2785 0.8305 -0.4824
vn 0.3178 0.7720 -0.5505
vn 0.3541 0.7061 -0.6133
vn 0.3869 0.6334 -0.6702
vn 0.4160 0.5546 -0.7206
vn 0.4412 0.4705 -0.7642
vn 0.4621 0.3820 -0.8004
vn 0.4786 0.2897 -0.8289
vn 0.4904 0.1947 -0.8495
vn 0.4976 0.0978 -0.8619
vn 0.5000 -0.0000 -0.8660
vn 0.4976 -0.0978 -0.8619
vn 0.4904 -0.1947 -0.8495
vn 0.4786 -0.2897 -0.8289
vn 0.4621 -0.3820 -0.8004
vn 0.4412 -0.4705 -0.7642
vn 0.4160 -0.5546 -0.7206
vn 0.3869 -0.6334 -0.6702
vn 0.3541 -0.7061 -0.6133
vn 0.3178 -0.7720 -0.5505
vn 0.2785 -0.8305 -0.4824
vn 0.2365 -0.8811 -0.4096
vn 0.1922 -0.9232 -0.3329
vn 0.1461 -0.9564 -0.2530
vn 0.0985 -0.9804 -0.1707
vn 0.0500 -0.9950 -0.0866
vn 0.0609 0.9950 -0.0794
vn 0.1200 0.9804 -0.1563
vn 0.1779 0.9564 -0.2318
vn 0.2340 0.9232 -0.3050
vn 0.2879 0.8811 -0.3752
vn 0.3391 0.8305 -0.4419
vn 0.3869 0.7720 -0.5043
vn 0.4311 0.7061 -0.5618
vn 0.4711 0.6334 -0.6139
vn 0.5065 0.5546 -0.6601
vn 0.5372 0.4706 -0.7000
vn 0.5626 0.3820 -0.7332
vn 0.5827 0.2897 -0.7593
vn 0.5971 0.1947 -0.7782
vn 0.6058 0.0978 -0.7895
vn 0.6088 -0.0000 -0.7934
vn 0.6058 -0.0978 -0.7895
vn 0.5971 -0.1947 -0.7782
vn 0.5827 -0.2897 -0.7593
vn 0.5626 -0.3820 -0.7332
vn 0.5372 -0.4705 -0.7000
vn 0.5065 -0.5546 -0.6601
vn 0.4711 -0.6334 -0.6139
vn 0.4311 -0.7061 -0.5618
vn 0.3869 -0.7720 -0.5043
vn 0.3391 -0.8305 -0.4419
vn 0.2879 -0.8811 -0.3752
vn 0.2340 -0.9232 -0.3050
vn 0.1779 -0.9564 -0.2318
vn 0.1200 -0.9804 -0.1563
vn 0.0609 -0.9950 -0.0794
vn 0.0707 0.9950 -0.0707
vn 0.1393 0.9804 -0.1393
vn 0.2066 0.9564 -0.2066
vn 0.2718 0.9232 -0.2718
vn 0.3344 0.8811 -0.3344
vn 0.3938 0.8305 -0.3938
vn 0.4494 0.7720 -0.4494
vn 0.5007 0.7061 -0.5007
vn 0.5472 0.6334 -0.5472
vn 0.5884 0.5546 -0.5884
vn 0.6239 0.4705 -0.6239
vn 0.6535 0.3820 -0.6535
vn 0.6768 0.2897 -0.6768
vn 0.6936 0.1947 -0.6936
vn 0.7037 0.0978 -0.7037
vn 0.7071 -0.0000 -0.7071
vn 0.7037 -0.0978 -0.7037
vn 0.6936 -0.1947 -0.6936
vn 0.6768 -0.2897 -0.6768
vn 0.6535 -0.3820 -0.6535
vn 0.6239 -0.4706 -0.6239
vn 0.5884 -0.5546 -0.5884
vn 0.5472 -0.6334 -0.5472
vn 0.5007 -0.7061 -0.5007
vn 0.4494 -0.7720 -0.4494
vn 0.3938 -0.8305 -0.3938
vn 0.3344 -0.8811 -0.3344
vn 0.2718 -0.9232 -0.2718
vn 0.2066 -0.9564 -0.2066
vn 0.1393 -0.9804 -0.1393
vn 0.0707 -0.9950 -0.0707
vn 0.0794 0.9950 -0.0609
vn 0.1563 0.9804 -0.1200
vn 0.2318 0.9564 -0.1779
vn 0.3050 0.9232 -0.2340
vn 0.3752 0.8811 -0.2879
vn 0.4419 0.8305 -0.3391
vn 0.5043 0.7720 -0.3869
vn 0.5618 0.7061 -0.4311
vn 0.6139 0.6334 -0.4711
vn 0.6601 0.5546 -0.5065
vn 0.7000 0.4706 -0.5372
vn 0.7332 0.3820 -0.5626
vn 0.7593 0.2897 -0.5827
vn 0.7782 0.1947 -0.5971
vn 0.7895 0.0978 -0.6058
vn 0.7934 -0.0000 -0.6088
vn 0.7895 -0.0978 -0.6058
vn 0.7782 -0.1947 -0.5971
vn 0.7593 -0.2897 -0.5827
vn 0.7332 -0.3820 -0.5626
vn 0.7000 -0.4706 -0.5372
vn 0.6601 -0.5546 -0.5065
vn 0.6139 -0.6334 -0.4711
vn 0.5618 -0.7061 -0.4311
vn 0.5043 -0.7720 -0.3869
vn 0.4419 -0.8305 -0.3391
vn 0.3752 -0.8811 -0.2879
vn 0.3050 -0.9232 -0.2340
vn 0.2318 -0.9564 -0.1779
vn 0.1563 -0.9804 -0.1200
vn 0.0794 -0.9950 -0.0609
vn 0.0866 0.9950 -0.0500
vn 0.1707 0.9804 -0.0985
vn 0.2530 0.9564 -0.1461
vn 0.3329 0.9232 -0.1922
vn 0.4096 0.8811 -0.2365
vn 0.4824 0.8305 -0.2785
vn 0.5505 0.7720 -0.3178
vn 0.6133 0.7061 -0.3541
vn 0.6702 0.6334 -0.3869
vn 0.7206 0.5546 -0.4160
vn 0.7642 0.4706 -0.4412
vn 0.8004 0.3820 -0.4621
vn 0.8289 0.2897 -0.4786
vn 0.8495 0.1947 -0.4904
vn 0.8619 0.0978 -0.4976
vn 0.8660 -0.0000 -0.5000
vn 0.8619 -0.0978 -0.4976
vn 0.8495 -0.1947 -0.4904
vn 0.8289 -0.2897 -0.4786
vn 0.8004 -0.3820 -0.4621
vn 0.7642 -0.4706 -0.4412
vn 0.7206 -0.5546 -0.4160
vn 0.6702 -0.6334 -0.3869
vn 0.6133 -0.7061 -0.3541
vn 0.5505 -0.7720 -0.3178
vn 0.4824 -0.8305 -0.2785
vn 0.4096 -0.8811 -0.2365
vn 0.3329 -0.9232 -0.1922
vn 0.2530 -0.9564 -0.1461
vn 0.1707 -0.9804 -0.0985
vn 0.0866 -0.9950 -0.0500
vn 0.0924 0.9950 -0.0383
vn 0.1821 0.9804 -0.0754
vn 0.2699 0.9564 -0.1118
vn 0.3552 0.9232 -0.1471
vn 0.4370 0.8811 -0.1810
vn 0.5146 0.8305 -0.2131
vn 0.5872 0.7720 -0.2432
vn 0.6542 0.7061 -0.2710
vn 0.7149 0.6334 -0.2961
vn 0.7688 0.5546 -0.3184
vn 0.8152 0.4706 -0.3377
vn 0.8538 0.3820 -0.3537
vn 0.8843 0.2897 -0.3663
vn 0.9062 0.1947 -0.3754
vn 0.9194 0.0978 -0.3808
vn 0.9239 -0.0000 -0.3827
vn 0.9194 -0.0978 -0.3808
vn 0.9062 -0.1947 -0.3754
vn 0.8843 -0.2897 -0.3663
vn 0.8538 -0.3820 -0.3537
vn 0.8152 -0.4706 -0.3377
vn 0.7688 -0.5546 -0.3184
vn 0.7149 -0.6334 -0.2961
vn 0.6542 -0.7061 -0.2710
vn 0.5872 -0.7720 -0.2432
vn 0.5146 -0.8305 -0.2131
vn 0.4370 -0.8811 -0.1810
vn 0.3552 -0.9232 -0.1471
vn 0.2699 -0.9564 -0.1118
vn 0.1821 -0.9804 -0.0754
vn 0.0924 -0.9950 -0.0383
vn -0.0000 1.0000 -0.0000
vn 0.0966 0.9950 -0.0259
vn 0.1903 0.9804 -0.0510
vn 0.2822 0.9564 -0.0756
vn 0.3713 0.9232 -0.0995
vn 0.4569 0.8811 -0.1224
vn 0.5380 0.8305 -0.1442
vn 0.6140 0.7720 -0.1645
vn 0.6840 0.7061 -0.1833
vn 0.7475 0.6334 -0.2003
vn 0.8037 0.5546 -0.2154
vn 0.8523 0.4706 -0.2284
vn 0.8927 0.3820 -0.2392
vn 0.9245 0.2897 -0.2477
vn 0.9474 0.1947 -0.2539
vn 0.9613 0.0978 -0.2576
vn 0.9659 -0.0000 -0.2588
vn 0.9613 -0.0978 -0.2576
vn 0.9474 -0.1947 -0.2539
vn 0.9245 -0.2897 -0.2477
vn 0.8927 -0.3820 -0.2392
vn 0.8523 -0.4706 -0.2284
vn 0.8037 -0.5546 -0.2154
vn 0.7475 -0.6334 -0.2003
vn 0.6840 -0.7061 -0.1833
vn 0.6140 -0.7720 -0.1645
vn 0.5380 -0.8305 -0.1442
vn 0.4569 -0.8811 -0.1224
vn 0.3713 -0.9232 -0.0995
vn 0.2822 -0.9564 -0.0756
vn 0.1903 -0.9804 -0.0510
vn 0.0966 -0.9950 -0.0259
vn 0.0992 0.9950 -0.0131
vn 0.1954 0.9804 -0.0257
vn 0.2897 0.9564 -0.0381
vn 0.3811 0.9232 -0.0502
vn 0.4689 0.8811 -0.0617
vn 0.5522 0.8305 -0.0727
vn 0.6302 0.7720 -0.0830
vn 0.7021 0.7061 -0.0924
vn 0.7672 0.6334 -0.1010
vn 0.8250 0.5546 -0.1086
vn 0.8748 0.4706 -0.1152
vn 0.9163 0.3820 -0.1206
vn 0.9489 0.2897 -0.1249
vn 0.9725 0.1947 -0.1280
vn 0.9867 0.0978 -0.1299
vn 0.9914 -0.0000 -0.1305
vn 0.9867 -0.0978 -0.1299
vn 0.9725 -0.1947 -0.1280
vn 0.9489 -0.2897 -0.1249
vn 0.9163 -0.3820 -0.1206
vn 0.8748 -0.4706 -0.1152
vn 0.8250 -0.5546 -0.1086
vn 0.7672 -0.6334 -0.1010
vn 0.7021 -0.7061 -0.0924
vn 0.6302 -0.7720 -0.0830
vn 0.5522 -0.8305 -0.0727
vn 0.4689 -0.8811 -0.0617
vn 0.3811 -0.9232 -0.0502
vn 0.2897 -0.9564 -0.0381
vn 0.1954 -0.9804 -0.0257
vn 0.0992 -0.9950 -0.0131
vn 0.1000 0.9950 -0.0000
vn 0.1971 0.9804 -0.0000
vn 0.2922 0.9564 -0.0000
vn 0.3844 0.9232 -0.0000
vn 0.4730 0.8811 -0.0000
vn 0.5570 0.8305 -0.0000
vn 0.6356 0.7720 -0.0000
vn 0.7081 0.7061 -0.0000
vn 0.7738 0.6334 -0.0000
vn 0.8321 0.5546 -0.0000
vn 0.8824 0.4706 -0.0000
vn 0.9242 0.3820 -0.0000
vn 0.9571 0.2897 -0.0000
vn 0.9809 0.1947 -0.0000
vn 0.9952 0.0978 -0.0000
vn 1.0000 -0.0000 -0.0000
vn 0.9952 -0.0978 -0.0000
vn 0.9809 -0.1947 -0.0000
vn 0.9571 -0.2897 -0.0000
vn 0.9242 -0.3820 -0.0000
vn 0.8824 -0.4706 -0.0000
vn 0.8321 -0.5546 -0.0000
vn 0.7738 -0.6334 -0.0000
vn 0.7081 -0.7061 -0.0000
vn 0.6356 -0.7720 -0.0000
vn 0.5570 -0.8305 -0.0000
vn 0.4730 -0.8811 -0.0000
vn 0.3844 -0.9232 -0.0000
vn 0.2922 -0.9564 -0.0000
vn 0.1971 -0.9804 -0.0000
vn 0.1000 -0.9950 -0.0000
vn 0.0992 0.9950 0.0131
vn 0.1954 0.9804 0.0257
vn 0.2897 0.9564 0.0381
vn 0.3811 0.9232 0.0502
vn 0.4689 0.8811 0.0617
vn 0.5522 0.8305 0.0727
vn 0.6302 0.7720 0.0830
vn 0.7021 0.7061 0.0924
vn 0.7672 0.6334 0.1010
vn 0.8250 0.5546 0.1086
vn 0.8748 0.4706 0.1152
vn 0.9163 0.3820 0.1206
vn 0.9489 0.2897 0.1249
vn 0.9725 0.1947 0.1280
vn 0.9867 0.0978 0.1299
vn 0.9914 -0.0000 0.1305
vn 0.9867 -0.0978 0.1299
vn 0.9725 -0.1947 0.1280
vn 0.9489 -0.2897 0.1249
vn 0.9163 -0.3820 0.1206
vn 0.8748 -0.4706 0.1152
vn 0.8250 -0.5546 0.1086
vn 0.7672 -0.6334 0.1010
vn 0.7021 -0.7061 0.0924
vn 0.6302 -0.7720 0.0830
vn 0.5522 -0.8305 0.0727
vn 0.4689 -0.8811 0.0617
vn 0.3811 -0.9232 0.0502
vn 0.2897 -0.9564 0.0381
vn 0.1954 -0.9804 0.0257
vn 0.0992 -0.9950 0.0131
vn 0.0966 0.9950 0.0259
vn 0.1903 0.9804 0.0510
vn 0.2822 0.9564 0.0756
vn 0.3713 0.9232 0.0995
vn 0.4569 0.8811 0.1224
vn 0.5380 0.8305 0.1442
vn 0.6140 0.7720 0.1645
vn 0.6840 0.7061 0.1833
vn 0.7475 0.6334 0.2003
vn 0.8037 0.5546 0.2154
vn 0.8523 0.4706 0.2284
vn 0.8927 0.3820 0.2392
vn 0.9245 0.2897 0.2477
vn 0.9474 0.1947 0.2539
vn 0.9613 0.0978 0.2576
vn 0.9659 -0.0000 0.2588
vn 0.9613 -0.0978 0.2576
vn 0.9474 -0.1947 0.2539
vn 0.9245 -0.2897 0.2477
vn 0.8927 -0.3820 0.2392
vn 0.8523 -0.4706 0.2284
vn 0.8037 -0.5546 0.2154
vn 0.7475 -0.6334 0.2003
vn 0.6840 -0.7061 0.1833
vn 0.6140 -0.7720 0.1645
vn 0.5380 -0.8305 0.1442
vn 0.4569 -0.8811 0.1224
vn 0.3713 -0.9232 0.0995
vn 0.2822 -0.9564 0.0756
vn 0.1903 -0.9804 0.0510
vn 0.0966 -0.9950 0.0259
vn 0.0924 0.9950 0.0383
vn 0.1821 0.9804 0.0754
vn 0.2699 0.9564 0.1118
vn 0.3552 0.9232 0.1471
vn 0.4370 0.8811 0.1810
vn 0.5146 0.8305 0.2131
vn 0.5872 0.7720 0.2432
vn 0.6542 0.7061 0.2710
vn 0.7149 0.6334 0.2961
vn 0.7688 0.5546 0.3184
vn 0.8152 0.4706 0.3377
vn 0.8538 0.3820 0.3537
vn 0.8843 0.2897 0.3663
vn 0.9062 0.1947 0.3754
vn 0.9194 0.0978 0.3808
vn 0.9239 -0.0000 0.3827
vn 0.9194 -0.0978 0.3808
vn 0.9062 -0.1947 0.3754
vn 0.8843 -0.2897 0.3663
vn 0.8538 -0.3820 0.3537
vn 0.8152 -0.4706 0.3377
vn 0.7688 -0.5546 0.3184
vn 0.7149 -0.6334 0.2961
vn 0.6542 -0.7061 0.2710
vn 0.5872 -0.7720 0.2432
vn 0.5146 -0.8305 0.2131
vn 0.4370 -0.8811 0.1810
vn 0.3552 -0.9232 0.1471
vn 0.2699 -0.9564 0.1118
vn 0.1821 -0.9804 0.0754
vn 0.0924 -0.9950 0.0383
vn 0.0866 0.9950 0.0500
vn 0.1707 0.9804 0.0985
vn 0.2530 0.9564 0.1461
vn 0.3329 0.9232 0.1922
vn 0.4096 0.8811 0.2365
vn 0.4824 0.8305 0.2785
vn 0.5505 0.7720 0.3178
vn 0.6133 0.7061 0.3541
vn 0.6702 0.6334 0.3869
vn 0.7206 0.5546 0.4160
vn 0.7642 0.4706 0.4412
vn 0.8004 0.3820 0.4621
vn 0.8289 0.2897 0.4786
vn 0.8495 0.1947 0.4904
vn 0.8619 0.0978 0.4976
vn 0.8660 -0.0000 0.5000
vn 0.8619 -0.0978 0.4976
vn 0.8495 -0.1947 0.4904
vn 0.8289 -0.2897 0.4786
vn 0.8004 -0.3820 0.4621
vn 0.7642 -0.4706 0.4412
vn 0.7206 -0.5546 0.4160
vn 0.6702 -0.6334 0.3869
vn 0.6133 -0.7061 0.3541
vn 0.5505 -0.7720 0.3178
vn 0.4824 -0.8305 0.2785
vn 0.4096 -0.8811 0.2365
vn 0.3329 -0.9232 0.1922
vn 0.2530 -0.9564 0.1461
vn 0.1707 -0.9804 0.0985
vn 0.0866 -0.9950 0.0500
vn 0.0794 0.9950 0.0609
vn 0.1563 0.9804 0.1200
vn 0.2318 0.9564 0.1779
vn 0.3050 0.9232 0.2340
vn 0.3752 0.8811 0.2879
vn 0.4419 0.8305 0.3391
vn 0.5043 0.7720 0.3869
vn 0.5618 0.7061 0.4311
vn 0.6139 0.6334 0.4711
vn 0.6601 0.5546 0.5065
vn 0.7000 0.4706 0.5372
vn 0.7332 0.3820 0.5626
vn 0.7593 0.2897 0.5827
vn 0.7782 0.1947 0.5971
vn 0.7895 0.0978 0.6058
vn 0.7934 -0.0000 0.6088
vn 0.7895 -0.0978 0.6058
vn 0.7782 -0.1947 0.5971
vn 0.7593 -0.2897 0.5827
vn 0.7332 -0.3820 0.5626
vn 0.7000 -0.4706 0.5372
vn 0.6601 -0.5546 0.5065
vn 0.6139 -0.6334 0.4711
vn 0.5618 -0.7061 0.4311
vn 0.5043 -0.7720 0.3869
vn 0.4419 -0.8305 0.3391
vn 0.3752 -0.8811 0.2879
vn 0.3050 -0.9232 0.2340
vn 0.2318 -0.9564 0.1779
vn 0.1563 -0.9804 0.1200
vn 0.0794 -0.9950 0.0609
vn 0.0707 0.9950 0.0707
vn 0.1393 0.9804 0.1393
vn 0.2066 0.9564 0.2066
vn 0.2718 0.9232 0.2718
vn 0.3344 0.8811 0.3344
vn 0.3938 0.8305 0.3938
vn 0.4494 0.7720 0.4494
vn 0.5007 0.7061 0.5007
vn 0.5472 0.6334 0.5472
vn 0.5884 0.5546 0.5884
vn 0.6239 0.4706 0.6239
vn 0.6535 0.3820 0.6535
vn 0.6768 0.2897 0.6768
vn 0.6936 0.1947 0.6936
vn 0.7037 0.0978 0.7037
vn 0.7071 -0.0000 0.7071
vn 0.7037 -0.0978 0.7037
vn 0.6936 -0.1947 0.6936
vn 0.6768 -0.2897 0.6768
vn 0.6535 -0.3820 0.6535
vn 0.6239 -0.4706 0.6239
vn 0.5884 -0.5546 0.5884
vn 0.5472 -0.6334 0.5472
vn 0.5007 -0.7061 0.5007
vn 0.4494 -0.7720 0.4494
vn 0.3938 -0.8305 0.3938
vn 0.3344 -0.8811 0.3344
vn 0.2718 -0.9232 0.2718
vn 0.2066 -0.9564 0.2066
vn 0.1393 -0.9804 0.1393
vn 0.0707 -0.9950 0.0707
vn 0.0609 0.9950 0.0794
vn 0.1200 0.9804 0.1563
vn 0.1779 0.9564 0.2318
vn 0.2340 0.9232 0.3050
vn 0.2879 0.8811 0.3752
vn 0.3391 0.8305 0.4419
vn 0.3869 0.7720 0.5043
vn 0.4311 0.7061 0.5618
vn 0.4711 0.6334 0.6139
vn 0.5065 0.5546 0.6601
vn 0.5372 0.4706 0.7000
vn 0.5626 0.3820 0.7332
vn 0.5827 0.2897 0.7593
vn 0.5971 0.1947 0.7782
vn 0.6058 0.0978 0.7895
vn 0.6088 -0.0000 0.7934
vn 0.6058 -0.0978 0.7895
vn 0.5971 -0.1947 0.7782
vn 0.5827 -0.2897 0.7593
vn 0.5626 -0.3820 0.7332
vn 0.5372 -0.4706 0.7000
vn 0.5065 -0.5546 0.6601
vn 0.4711 -0.6334 0.6139
vn 0.4311 -0.7061 0.5618
vn 0.3869 -0.7720 0.5043
vn 0.3391 -0.8305 0.4419
vn 0.2879 -0.8811 0.3752
vn 0.2340 -0.9232 0.3050
vn 0.1779 -0.9564 0.2318
vn 0.1200 -0.9804 0.1563
vn 0.0609 -0.9950 0.0794
vn 0.0500 0.9950 0.0866
vn 0.0985 0.9804 0.1707
vn 0.1461 0.9564 0.2530
vn 0.1922 0.9232 0.3329
vn 0.2365 0.8811 0.4096
vn 0.2785 0.8305 0.4824
vn 0.3178 0.7720 0.5505
vn 0.3541 0.7061 0.6133
vn 0.3869 0.6334 0.6702
vn 0.4160 0.5546 0.7206
vn 0.4412 0.4706 0.7642
vn 0.4621 0.3820 0.8004
vn 0.4786 0.2897 0.8289
vn 0.4904 0.1947 0.8495
vn 0.4976 0.0978 0.8619
vn 0.5000 -0.0000 0.8660
vn 0.4976 -0.0978 0.8619
vn 0.4904 -0.1947 0.8495
vn 0.4786 -0.2897 0.8289
vn 0.4621 -0.3820 0.8004
vn 0.4412 -0.4706 0.7642
vn 0.4160 -0.5546 0.7206
vn 0.3869 -0.6334 0.6702
vn 0.3541 -0.7061 0.6133
vn 0.3178 -0.7720 0.5505
vn 0.2785 -0.8305 0.4824
vn 0.2365 -0.8811 0.4096
vn 0.1922 -0.9232 0.3329
vn 0.1461 -0.9564 0.2530
vn 0.0985 -0.9804 0.1707
vn 0.0500 -0.9950 0.0866
vn 0.0383 0.9950 0.0924
vn 0.0754 0.9804 0.1821
vn 0.1118 0.9564 0.2699
vn 0.1471 0.9232 0.3552
vn 0.1810 0.8811 0.4370
vn 0.2131 0.8305 0.5146
vn 0.2432 0.7720 0.5872
vn 0.2710 0.7061 0.6542
vn 0.2961 0.6334 0.7149
vn 0.3184 0.5546 0.7688
vn 0.3377 0.4706 0.8152
vn 0.3537 0.3820 0.8538
vn 0.3663 0.2897 0.8843
vn 0.3754 0.1947 0.9062
vn 0.3808 0.0978 0.9194
vn 0.3827 -0.0000 0.9239
vn 0.3808 -0.0978 0.9194
vn 0.3754 -0.1947 0.9062
vn 0.3663 -0.2897 0.8843
vn 0.3537 -0.3820 0.8538
vn 0.3377 -0.4706 0.8152
vn 0.3184 -0.5546 0.7688
vn 0.2961 -0.6334 0.7149
vn 0.2710 -0.7061 0.6542
vn 0.2432 -0.7720 0.5872
vn 0.2131 -0.8305 0.5146
vn 0.1810 -0.8811 0.4370
vn 0.1471 -0.9232 0.3552
vn 0.1118 -0.9564 0.2699
vn 0.0754 -0.9804 0.1821
vn 0.0383 -0.9950 0.0924
vn 0.0259 0.9950 0.0966
vn 0.0510 0.9804 0.1903
vn 0.0756 0.9564 0.2822
vn 0.0995 0.9232 0.3713
vn 0.1224 0.8811 0.4569
vn 0.1442 0.8305 0.5380
vn 0.1645 0.7720 0.6140
vn 0.1833 0.7061 0.6840
vn 0.2003 0.6334 0.7475
vn 0.2154 0.5546 0.8037
vn 0.2284 0.4706 0.8523
vn 0.2392 0.3820 0.8927
vn 0.2477 0.2897 0.9245
vn 0.2539 0.1947 0.9474
vn 0.2576 0.0978 0.9613
vn 0.2588 -0.0000 0.9659
vn 0.2576 -0.0978 0.9613
vn 0.2539 -0.1947 0.9474
vn 0.2477 -0.2897 0.9245
vn 0.2392 -0.3820 0.8927
vn 0.2284 -0.4706 0.8523
vn 0.2154 -0.5546 0.8037
vn 0.2003 -0.6334 0.7475
vn 0.1833 -0.7061 0.6840
vn 0.1645 -0.7720 0.6140
vn 0.1442 -0.8305 0.5380
vn 0.1224 -0.8811 0.4569
vn 0.0995 -0.9232 0.3713
vn 0.0756 -0.9564 0.2822
vn 0.0510 -0.9804 0.1903
vn 0.0259 -0.9950 0.0966
vn 0.0131 0.9950 0.0992
vn 0.0257 0.9804 0.1954
vn 0.0381 0.9564 0.2897
vn 0.0502 0.9232 0.3811
vn 0.0617 0.8811 0.4689
vn 0.0727 0.8305 0.5522
vn 0.0830 0.7720 0.6302
vn 0.0924 0.7061 0.7021
vn 0.1010 0.6334 0.7672
vn 0.1086 0.5546 0.8250
vn 0.1152 0.4706 0.8748
vn 0.1206 0.3820 0.9163
vn 0.1249 0.2897 0.9489
vn 0.1280 0.1947 0.9725
vn 0.1299 0.0978 0.9867
vn 0.1305 -0.0000 0.9914
vn 0.1299 -0.0978 0.9867
vn 0.1280 -0.1947 0.9725
vn 0.1249 -0.2897 0.9489
vn 0.1206 -0.3820 0.9163
vn 0.1152 -0.4706 0.8748
vn 0.1086 -0.5546 0.8250
vn 0.1010 -0.6334 0.7672
vn 0.0924 -0.7061 0.7021
vn 0.0830 -0.7720 0.6302
vn 0.0727 -0.8305 0.5522
vn 0.0617 -0.8811 0.4689
vn 0.0502 -0.9232 0.3811
vn 0.0381 -0.9564 0.2897
vn 0.0257 -0.9804 0.1954
vn 0.0131 -0.9950 0.0992
vn -0.0000 0.9950 0.1000
vn -0.0000 0.9804 0.1971
vn -0.0000 0.9564 0.2922
vn -0.0000 0.9232 0.3844
vn -0.0000 0.8811 0.4730
vn -0.0000 0.8305 0.5570
vn -0.0000 0.7720 0.6356
vn -0.0000 0.7061 0.7081
vn -0.0000 0.6334 0.7738
vn -0.0000 0.5546 0.8321
vn -0.0000 0.4706 0.8824
vn -0.0000 0.3820 0.9242
vn -0.0000 0.2897 0.9571
vn -0.0000 0.1947 0.9809
vn -0.0000 0.0978 0.9952
vn -0.0000 -0.0000 1.0000
vn -0.0000 -0.0978 0.9952
vn -0.0000 -0.1947 0.9809
vn -0.0000 -0.2897 0.9571
vn -0.0000 -0.3820 0.9242
vn -0.0000 -0.4706 0.8824
vn -0.0000 -0.5546 0.8321
vn -0.0000 -0.6334 0.7738
vn -0.0000 -0.7061 0.7081
vn -0.0000 -0.7720 0.6356
vn -0.0000 -0.8305 0.5570
vn -0.0000 -0.8811 0.4730
vn -0.0000 -0.9232 0.3844
vn -0.0000 -0.9564 0.2922
vn -0.0000 -0.9804 0.1971
vn -0.0000 -0.9950 0.1000
vn -0.0000 -1.0000 -0.0000
vn -0.0131 0.9950 0.0992
vn -0.0257 0.9804 0.1954
vn -0.0381 0.9564 0.2897
vn -0.0502 0.9232 0.3811
vn -0.0617 0.8811 0.4689
vn -0.0727 0.8305 0.5522
vn -0.0830 0.7720 0.6302
vn -0.0924 0.7061 0.7021
vn -0.1010 0.6334 0.7672
vn -0.1086 0.5546 0.8250
vn -0.1152 0.4706 0.8748
vn -0.1206 0.3820 0.9163
vn -0.1249 0.2897 0.9489
vn -0.1280 0.1947 0.9725
vn -0.1299 0.0978 0.9867
vn -0.1305 -0.0000 0.9914
vn -0.1299 -0.0978 0.9867
vn -0.1280 -0.1947 0.9725
vn -0.1249 -0.2897 0.9489
vn -0.1206 -0.3820 0.9163
vn -0.1152 -0.4706 0.8748
vn -0.1086 -0.5546 0.8250
vn -0.1010 -0.6334 0.7672
vn -0.0924 -0.7061 0.7021
vn -0.0830 -0.7720 0.6302
vn -0.0727 -0.8305 0.5522
vn -0.0617 -0.8811 0.4689
vn -0.0502 -0.9232 0.3811
vn -0.0381 -0.9564 0.2897
vn -0.0257 -0.9804 0.1954
vn -0.0131 -0.9950 0.0992
vn -0.0259 0.9950 0.0966
vn -0.0510 0.9804 0.1903
vn -0.0756 0.9564 0.2822
vn -0.0995 0.9232 0.3713
vn -0.1224 0.8811 0.4569
vn -0.1442 0.8305 0.5380
vn -0.1645 0.7720 0.6140
vn -0.1833 0.7061 0.6840
vn -0.2003 0.6334 0.7475
vn -0.2154 0.5546 0.8037
vn -0.2284 0.4706 0.8523
vn -0.2392 0.3820 0.8927
vn -0.2477 0.2897 0.9245
vn -0.2539 0.1947 0.9474
vn -0.2576 0.0978 0.9613
vn -0.2588 -0.0000 0.9659
vn -0.2576 -0.0978 0.9613
vn -0.2539 -0.1947 0.9474
vn -0.2477 -0.2897 0.9245
vn -0.2392 -0.3820 0.8927
vn -0.2284 -0.4706 0.8523
vn -0.2154 -0.5546 0.8037
vn -0.2003 -0.6334 0.7475
vn -0.1833 -0.7061 0.6840
vn -0.1645 -0.7720 0.6140
vn -0.1442 -0.8305 0.5380
vn -0.1224 -0.8811 0.4569
vn -0.0995 -0.9232 0.3713
vn -0.0756 -0.9564 0.2822
vn -0.0510 -0.9804 0.1903
vn -0.0259 -0.9950 0.0966
vn -0.0383 0.9950 0.0924
vn -0.0754 0.9804 0.1821
vn -0.1118 0.9564 0.2699
vn -0.1471 0.9232 0.3552
vn -0.1810 0.8811 0.4370
vn -0.2131 0.8305 0.5146
vn -0.2432 0.7720 0.5872
vn -0.2710 0.7061 0.6542
vn -0.2961 0.6334 0.7149
vn -0.3184 0.5546 0.7688
vn -0.3377 0.4706 0.8152
vn -0.3537 0.3820 0.8538
vn -0.3663 0.2897 0.8843
vn -0.3754 0.1947 0.9062
vn -0.3808 0.0978 0.9194
vn -0.3827 -0.0000 0.9239
vn -0.3808 -0.0978 0.9194
vn -0.3754 -0.1947 0.9062
vn -0.3663 -0.2897 0.8843
vn -0.3537 -0.3820 0.8538
vn -0.3377 -0.4706 0.8152
vn -0.3184 -0.5546 0.7688
vn -0.2961 -0.6334 0.7149
vn -0.2710 -0.7061 0.6542
vn -0.2432 -0.7720 0.5872
vn -0.2131 -0.8305 0.5146
vn -0.1810 -0.8811 0.4370
vn -0.1471 -0.9232 0.3552
vn -0.1118 -0.9564 0.2699
vn -0.0754 -0.9804 0.1821
vn -0.0383 -0.9950 0.0924
vn -0.0500 0.9950 0.0866
vn -0.0985 0.9804 0.1707
vn -0.1461 0.9564 0.2530
vn -0.1922 0.9232 0.3329
vn -0.2365 0.8811 0.4096
vn -0.2785 0.8305 0.4824
vn -0.3178 0.7720 0.5505
vn -0.3541 0.7061 0.6133
vn -0.3869 0.6334 0.6702
vn -0.4160 0.5546 0.7206
vn -0.4412 0.4706 0.7642
vn -0.4621 0.3820 0.8004
vn -0.4786 0.2897 0.8289
vn -0.4904 0.1947 0.8495
vn -0.4976 0.0978 0.8619
vn -0.5000 -0.0000 0.8660
vn -0.4976 -0.0978 0.8619
vn -0.4904 -0.1947 0.8495
vn -0.4786 -0.2897 0.8289
vn -0.4621 -0.3820 0.8004
vn -0.4412 -0.4706 0.7642
vn -0.4160 -0.5546 0.7206
vn -0.3869 -0.6334 0.6702
vn -0.3541 -0.7061 0.6133
vn -0.3178 -0.7720 0.5505
vn -0.2785 -0.8305 0.4824
vn -0.2365 -0.8811 0.4096
vn -0.1922 -0.9232 0.3329
vn -0.1461 -0.9564 0.2530
vn -0.0985 -0.9804 0.1707
vn -0.0500 -0.9950 0.0866
vn -0.0609 0.9950 0.0794
vn -0.1200 0.9804 0.1563
vn -0.1779 0.9564 0.2318
vn -0.2340 0.9232 0.3050
vn -0.2879 0.8811 0.3752
vn -0.3391 0.8305 0.4419
vn -0.3869 0.7720 0.5043
vn -0.4311 0.7061 0.5618
vn -0.4711 0.6334 0.6139
vn -0.5065 0.5546 0.6601
vn -0.5372 0.4706 0.7000
vn -0.5626 0.3820 0.7332
vn -0.5827 0.2897 0.7593
vn -0.5971 0.1947 0.7782
vn -0.6058 0.0978 0.7895
vn -0.6088 -0.0000 0.7934
vn -0.6058 -0.0978 0.7895
vn -0.5971 -0.1947 0.7782
vn -0.5827 -0.2897 0.7593
vn -0.5626 -0.3820 0.7332
vn -0.5372 -0.4706 0.7000
vn -0.5065 -0.5546 0.6601
vn -0.4711 -0.6334 0.6139
vn -0.4311 -0.7061 0.5618
vn -0.3869 -0.7720 0.5043
vn -0.3391 -0.8305 0.4419
vn -0.2879 -0.8811 0.3752
vn -0.2340 -0.9232 0.3050
vn -0.1779 -0.9564 0.2318
vn -0.1200 -0.9804 0.1563
vn -0.0609 -0.9950 0.0794
vn -0.0707 0.9950 0.0707
vn -0.1393 0.9804 0.1393
vn -0.2066 0.9564 0.2066
vn -0.2718 0.9232 0.2718
vn -0.3344 0.8811 0.3344
vn -0.3938 0.8305 0.3938
vn -0.4494 0.7720 0.4494
vn -0.5007 0.7061 0.5007
vn -0.5472 0.6334 0.5472
vn -0.5884 0.5546 0.5884
vn -0.6239 0.4706 0.6239
vn -0.6535 0.3820 0.6535
vn -0.6768 0.2897 0.6768
vn -0.6936 0.1947 0.6936
vn -0.7037 0.0978 0.7037
vn -0.7071 -0.0000 0.7071
vn -0.7037 -0.0978 0.7037
vn -0.6936 -0.1947 0.6936
vn -0.6768 -0.2897 0.6768
vn -0.6535 -0.3820 0.6535
vn -0.6239 -0.4706 0.6239
vn -0.5884 -0.5546 0.5884
vn -0.5472 -0.6334 0.5472
vn -0.5007 -0.7061 0.5007
vn -0.4494 -0.7720 0.4494
vn -0.3938 -0.8305 0.3938
vn -0.3344 -0.8811 0.3344
vn -0.2718 -0.9232 0.2718
vn -0.2066 -0.9564 0.2066
vn -0.1393 -0.9804 0.1393
vn -0.0707 -0.9950 0.0707
vn -0.0794 0.9950 0.0609
vn -0.1563 0.9804 0.1200
vn -0.2318 0.9564 0.1779
vn -0.3050 0.9232 0.2340
vn -0.3752 0.8811 0.2879
vn -0.4419 0.8305 0.3391
vn -0.5043 0.7720 0.3869
vn -0.5618 0.7061 0.4311
vn -0.6139 0.6334 0.4711
vn -0.6601 0.5546 0.5065
vn -0.7000 0.4706 0.5372
vn -0.7332 0.3820 0.5626
vn -0.7593 0.2897 0.5827
vn -0.7782 0.1947 0.5971
vn -0.7895 0.0978 0.6058
vn -0.7934 -0.0000 0.6088
vn -0.7895 -0.0978 0.6058
vn -0.7782 -0.1947 0.5971
vn -0.7593 -0.2897 0.5827
vn -0.7332 -0.3820 0.5626
vn -0.7000 -0.4706 0.5372
vn -0.6601 -0.5546 0.5065
vn -0.6139 -0.6334 0.4711
vn -0.5618 -0.7061 0.4311
vn -0.5043 -0.7720 0.3869
vn -0.4419 -0.8305 0.3391
vn -0.3752 -0.8811 0.2879
vn -0.3050 -0.9232 0.2340
vn -0.2318 -0.9564 0.1779
vn -0.1563 -0.9804 0.1200
vn -0.0794 -0.9950 0.0609
vn -0.0866 0.9950 0.0500
vn -0.1707 0.9804 0.0985
vn -0.2530 0.9564 0.1461
vn -0.3329 0.9232 0.1922
vn -0.4096 0.8811 0.2365
vn -0.4824 0.8305 0.2785
vn -0.5505 0.7720 0.3178
vn -0.6133 0.7061 0.3541
vn -0.6702 0.6334 0.3869
vn -0.7206 0.5546 0.4160
vn -0.7642 0.4706 0.4412
vn -0.8004 0.3820 0.4621
vn -0.8289 0.2897 0.4786
vn -0.8495 0.1947 0.4904
vn -0.8619 0.0978 0.4976
vn -0.8660 -0.0000 0.5000
vn -0.8619 -0.0978 0.4976
vn -0.8495 -0.1947 0.4904
vn -0.8289 -0.2897 0.4786
vn -0.8004 -0.3820 0.4621
vn -0.7642 -0.4706 0.4412
vn -0.7206 -0.5546 0.4160
vn -0.6702 -0.6334 0.3869
vn -0.6133 -0.7061 0.3541
vn -0.5505 -0.7720 0.3178
vn -0.4824 -0.8305 0.2785
vn -0.4096 -0.8811 0.2365
vn -0.3329 -0.9232 0.1922
vn -0.2530 -0.9564 0.1461
vn -0.1707 -0.9804 0.0985
vn -0.0866 -0.9950 0.0500
vn -0.0924 0.9950 0.0383
vn -0.1821 0.9804 0.0754
vn -0.2699 0.9564 0.1118
vn -0.3552 0.9232 0.1471
vn -0.4370 0.8811 0.1810
vn -0.5146 0.8305 0.2131
vn -0.5872 0.7720 0.2432
vn -0.6542 0.7061 0.2710
vn -0.7149 0.6334 0.2961
vn -0.7688 0.5546 0.3184
vn -0.8152 0.4706 0.3377
vn -0.8538 0.3820 0.3537
vn -0.8843 0.2897 0.3663
vn -0.9062 0.1947 0.3754
vn -0.9194 0.0978 0.3808
vn -0.9239 -0.0000 0.3827
vn -0.9194 -0.0978 0.3808
vn -0.9062 -0.1947 0.3754
vn -0.8843 -0.2897 0.3663
vn -0.8538 -0.3820 0.3537
vn -0.8152 -0.4706 0.3377
vn -0.7688 -0.5546 0.3184
vn -0.7149 -0.6334 0.2961
vn -0.6542 -0.7061 0.2710
vn -0.5872 -0.7720 0.2432
vn -0.5146 -0.8305 0.2131
vn -0.4370 -0.8811 0.1810
vn -0.3552 -0.9232 0.1471
vn -0.2699 -0.9564 0.1118
vn -0.1821 -0.9804 0.0754
vn -0.0924 -0.9950 0.0383
vn -0.0966 0.9950 0.0259
vn -0.1903 0.9804 0.0510
vn -0.2822 0.9564 0.0756
vn -0.3713 0.9232 0.0995
vn -0.4569 0.8811 0.1224
vn -0.5380 0.8305 0.1442
vn -0.6140 0.7720 0.1645
vn -0.6840 0.7061 0.1833
vn -0.7475 0.6334 0.2003
vn -0.8037 0.5546 0.2154
vn -0.8523 0.4706 0.2284
vn -0.8927 0.3820 0.2392
vn -0.9245 0.2897 0.2477
vn -0.9474 0.1947 0.2539
vn -0.9613 0.0978 0.2576
vn -0.9659 -0.0000 0.2588
vn -0.9613 -0.0978 0.2576
vn -0.9474 -0.1947 0.2539
vn -0.9245 -0.2897 0.2477
vn -0.8927 -0.3820 0.2392
vn -0.8523 -0.4706 0.2284
vn -0.8037 -0.5546 0.2154
vn -0.7475 -0.6334 0.2003
vn -0.6840 -0.7061 0.1833
vn -0.6140 -0.7720 0.1645
vn -0.5380 -0.8305 0.1442
vn -0.4569 -0.8811 0.1224
vn -0.3713 -0.9232 0.0995
vn -0.2822 -0.9564 0.0756
vn -0.1903 -0.9804 0.0510
vn -0.0966 -0.9950 0.0259
vn -0.0992 0.9950 0.0131
vn -0.1954 0.9804 0.0257
vn -0.2897 0.9564 0.0381
vn -0.3811 0.9232 0.0502
vn -0.4689 0.8811 0.0617
vn -0.5522 0.8305 0.0727
vn -0.6302 0.7720 0.0830
vn -0.7021 0.7061 0.0924
vn -0.7672 0.6334 0.1010
vn -0.8250 0.5546 0.1086
vn -0.8748 0.4706 0.1152
vn -0.9163 0.3820 0.1206
vn -0.9489 0.2897 0.1249
vn -0.9725 0.1947 0.1280
vn -0.9867 0.0978 0.1299
vn -0.9914 -0.0000 0.1305
vn -0.9867 -0.0978 0.1299
vn -0.9725 -0.1947 0.1280
vn -0.9489 -0.2897 0.1249
vn -0.9163 -0.3820 0.1206
vn -0.8748 -0.4706 0.1152
vn -0.8250 -0.5546 0.1086
vn -0.7672 -0.6334 0.1010
vn -0.7021 -0.7061 0.0924
vn -0.6302 -0.7720 0.0830
vn -0.5522 -0.8305 0.0727
vn -0.4689 -0.8811 0.0617
vn -0.3811 -0.9232 0.0502
vn -0.2897 -0.9564 0.0381
vn -0.1954 -0.9804 0.0257
vn -0.0992 -0.9950 0.0131
vn -0.1000 0.9950 -0.0000
vn -0.1971 0.9804 -0.0000
vn -0.2922 0.9564 -0.0000
vn -0.3844 0.9232 -0.0000
vn -0.4730 0.8811 -0.0000
vn -0.5570 0.8305 -0.0000
vn -0.6356 0.7720 -0.0000
vn -0.7081 0.7061 -0.0000
vn -0.7738 0.6334 -0.0000
vn -0.8321 0.5546 -0.0000
vn -0.8824 0.4706 -0.0000
vn -0.9242 0.3820 -0.0000
vn -0.9571 0.2897 -0.0000
vn -0.9809 0.1947 -0.0000
vn -0.9952 0.0978 -0.0000
vn -1.0000 -0.0000 -0.0000
vn -0.9952 -0.0978 -0.0000
vn -0.9809 -0.1947 -0.0000
vn -0.9571 -0.2897 -0.0000
vn -0.9242 -0.3820 -0.0000
vn -0.8824 -0.4706 -0.0000
vn -0.8321 -0.5546 -0.0000
vn -0.7738 -0.6334 -0.0000
vn -0.7081 -0.7061 -0.0000
vn -0.6356 -0.7720 -0.0000
vn -0.5570 -0.8305 -0.0000
vn -0.4730 -0.8811 -0.0000
vn -0.3844 -0.9232 -0.0000
vn -0.2922 -0.9564 -0.0000
vn -0.1971 -0.9804 -0.0000
vn -0.1000 -0.9950 -0.0000
vn -0.0992 0.9950 -0.0131
vn -0.1954 0.9804 -0.0257
vn -0.2897 0.9564 -0.0381
vn -0.3811 0.9232 -0.0502
vn -0.4689 0.8811 -0.0617
vn -0.5522 0.8305 -0.0727
vn -0.6302 0.7720 -0.0830
vn -0.7021 0.7061 -0.0924
vn -0.7672 0.6334 -0.1010
vn -0.8250 0.5546 -0.1086
vn -0.8748 0.4706 -0.1152
vn -0.9163 0.3820 -0.1206
vn -0.9489 0.2897 -0.1249
vn -0.9725 0.1947 -0.1280
vn -0.9867 0.0978 -0.1299
vn -0.9914 -0.0000 -0.1305
vn -0.9867 -0.0978 -0.1299
vn -0.9725 -0.1947 -0.1280
vn -0.9489 -0.2897 -0.1249
vn -0.9163 -0.3820 -0.1206
vn -0.8748 -0.4706 -0.1152
vn -0.8250 -0.5546 -0.1086
vn -0.7672 -0.6334 -0.1010
vn -0.7021 -0.7061 -0.0924
vn -0.6302 -0.7720 -0.0830
vn -0.5522 -0.8305 -0.0727
vn -0.4689 -0.8811 -0.0617
vn -0.3811 -0.9232 -0.0502
vn -0.2897 -0.9564 -0.0381
vn -0.1954 -0.9804 -0.0257
vn -0.0992 -0.9950 -0.0131
vn -0.0966 0.9950 -0.0259
vn -0.1903 0.9804 -0.0510
vn -0.2822 0.9564 -0.0756
vn -0.3713 0.9232 -0.0995
vn -0.4569 0.8811 -0.1224
vn -0.5380 0.8305 -0.1442
vn -0.6140 0.7720 -0.1645
vn -0.6840 0.7061 -0.1833
vn -0.7475 0.6334 -0.2003
vn -0.8037 0.5546 -0.2154
vn -0.8523 0.4706 -0.2284
vn -0.8927 0.3820 -0.2392
vn -0.9245 0.2897 -0.2477
vn -0.9474 0.1947 -0.2539
vn -0.9613 0.0978 -0.2576
vn -0.9659 -0.0000 -0.2588
vn -0.9613 -0.0978 -0.2576
vn -0.9474 -0.1947 -0.2539
vn -0.9245 -0.2897 -0.2477
vn -0.8927 -0.3820 -0.2392
vn -0.8523 -0.4706 -0.2284
vn -0.8037 -0.5546 -0.2154
vn -0.7475 -0.6334 -0.2003
vn -0.6840 -0.7061 -0.1833
vn -0.6140 -0.7720 -0.1645
vn -0.5380 -0.8305 -0.1442
vn -0.4569 -0.8811 -0.1224
vn -0.3713 -0.9232 -0.0995
vn -0.2822 -0.9564 -0.0756
vn -0.1903 -0.9804 -0.0510
vn -0.0966 -0.9950 -0.0259
vn -0.0924 0.9950 -0.0383
vn -0.1821 0.9804 -0.0754
vn -0.2699 0.9564 -0.1118
vn -0.3552 0.9232 -0.1471
vn -0.4370 0.8811 -0.1810
vn -0.5146 0.8305 -0.2131
vn -0.5872 0.7720 -0.2432
vn -0.6542 0.7061 -0.2710
vn -0.7149 0.6334 -0.2961
vn -0.7688 0.5546 -0.3184
vn -0.8152 0.4706 -0.3377
vn -0.8538 0.3820 -0.3537
vn -0.8843 0.2897 -0.3663
vn -0.9062 0.1947 -0.3754
vn -0.9194 0.0978 -0.3808
vn -0.9239 -0.0000 -0.3827
vn -0.9194 -0.0978 -0.3808
vn -0.9062 -0.1947 -0.3754
vn -0.8843 -0.2897 -0.3663
vn -0.8538 -0.3820 -0.3537
vn -0.8152 -0.4706 -0.3377
vn -0.7688 -0.5546 -0.3184
vn -0.7149 -0.6334 -0.2961
vn -0.6542 -0.7061 -0.2710
vn -0.5872 -0.7720 -0.2432
vn -0.5146 -0.8305 -0.2131
vn -0.4370 -0.8811 -0.1810
vn -0.3552 -0.9232 -0.1471
vn -0.2699 -0.9564 -0.1118
vn -0.1821 -0.9804 -0.0754
vn -0.0924 -0.9950 -0.0383
vn -0.0866 0.9950 -0.0500
vn -0.1707 0.9804 -0.0985
vn -0.2530 0.9564 -0.1461
vn -0.3329 0.9232 -0.1922
vn -0.4096 0.8811 -0.2365
vn -0.4824 0.8305 -0.2785
vn -0.5505 0.7720 -0.3178
vn -0.6133 0.7061 -0.3541
vn -0.6702 0.6334 -0.3869
vn -0.7206 0.5546 -0.4160
vn -0.7642 0.4706 -0.4412
vn -0.8004 0.3820 -0.4621
vn -0.8289 0.2897 -0.4786
vn -0.8495 0.1947 -0.4904
vn -0.8619 0.0978 -0.4976
vn -0.8660 -0.0000 -0.5000
vn -0.8619 -0.0978 -0.4976
vn -0.8495 -0.1947 -0.4904
vn -0.8289 -0.2897 -0.4786
vn -0.8004 -0.3820 -0.4621
vn -0.7642 -0.4706 -0.4412
vn -0.7206 -0.5546 -0.4160
vn -0.6702 -0.6334 -0.3869
vn -0.6133 -0.7061 -0.3541
vn -0.5505 -0.7720 -0.3178
vn -0.4824 -0.8305 -0.2785
vn -0.4096 -0.8811 -0.2365
vn -0.3329 -0.9232 -0.1922
vn -0.2530 -0.9564 -0.1461
vn -0.1707 -0.9804 -0.0985
vn -0.0866 -0.9950 -0.0500
vn -0.0794 0.9950 -0.0609
vn -0.1563 0.9804 -0.1200
vn -0.2318 0.9564 -0.1779
vn -0.3050 0.9232 -0.2340
vn -0.3752 0.8811 -0.2879
vn -0.4419 0.8305 -0.3391
vn -0.5043 0.7720 -0.3869
vn -0.5618 0.7061 -0.4311
vn -0.6139 0.6334 -0.4711
vn -0.6601 0.5546 -0.5065
vn -0.7000 0.4706 -0.5372
vn -0.7332 0.3820 -0.5626
vn -0.7593 0.2897 -0.5827
vn -0.7782 0.1947 -0.5971
vn -0.7895 0.0978 -0.6058
vn -0.7934 -0.0000 -0.6088
vn -0.7895 -0.0978 -0.6058
vn -0.7782 -0.1947 -0.5971
vn -0.7593 -0.2897 -0.5827
vn -0.7332 -0.3820 -0.5626
vn -0.7000 -0.4706 -0.5372
vn -0.6601 -0.5546 -0.5065
vn -0.6139 -0.6334 -0.4711
vn -0.5618 -0.7061 -0.4311
vn -0.5043 -0.7720 -0.3869
vn -0.4419 -0.8305 -0.3391
vn -0.3752 -0.8811 -0.2879
vn -0.3050 -0.9232 -0.2340
vn -0.2318 -0.9564 -0.1779
vn -0.1563 -0.9804 -0.1200
vn -0.0794 -0.9950 -0.0609
vn -0.0707 0.9950 -0.0707
vn -0.1393 0.9804 -0.1393
vn -0.2066 0.9564 -0.2066
vn -0.2718 0.9232 -0.2718
vn -0.3344 0.8811 -0.3344
vn -0.3938 0.8305 -0.3938
vn -0.4494 0.7720 -0.4494
vn -0.5007 0.7061 -0.5007
vn -0.5472 0.6334 -0.5472
vn -0.5884 0.5546 -0.5884
vn -0.6239 0.4706 -0.6239
vn -0.6535 0.3820 -0.6535
vn -0.6768 0.2897 -0.6768
vn -0.6936 0.1947 -0.6936
vn -0.7037 0.0978 -0.7037
vn -0.7071 -0.0000 -0.7071
vn -0.7037 -0.0978 -0.7037
vn -0.6936 -0.1947 -0.6936
vn -0.6768 -0.2897 -0.6768
vn -0.6535 -0.3820 -0.6535
vn -0.6239 -0.4706 -0.6239
vn -0.5884 -0.5546 -0.5884
vn -0.5472 -0.6334 -0.5472
vn -0.5007 -0.7061 -0.5007
vn -0.4494 -0.7720 -0.4494
vn -0.3938 -0.8305 -0.3938
vn -0.3344 -0.8811 -0.3344
vn -0.2718 -0.9232 -0.2718
vn -0.2066 -0.9564 -0.2066
vn -0.1393 -0.9804 -0.1393
vn -0.0707 -0.9950 -0.0707
vn -0.0609 0.9950 -0.0794
vn -0.1200 0.9804 -0.1563
vn -0.1779 0.9564 -0.2318
vn -0.2340 0.9232 -0.3050
vn -0.2879 0.8811 -0.3752
vn -0.3391 0.8305 -0.4419
vn -0.3869 0.7720 -0.5043
vn -0.4311 0.7061 -0.5618
vn -0.4711 0.6334 -0.6139
vn -0.5065 0.5546 -0.6601
vn -0.5372 0.4706 -0.7000
vn -0.5626 0.3820 -0.7332
vn -0.5827 0.2897 -0.7593
vn -0.5971 0.1947 -0.7782
vn -0.6058 0.0978 -0.7895
vn -0.6088 -0.0000 -0.7934
vn -0.6058 -0.0978 -0.7895
vn -0.5971 -0.1947 -0.7782
vn -0.5827 -0.2897 -0.7593
vn -0.5626 -0.3820 -0.7332
vn -0.5372 -0.4706 -0.7000
vn -0.5065 -0.5546 -0.6601
vn -0.4711 -0.6334 -0.6139
vn -0.4311 -0.7061 -0.5618
vn -0.3869 -0.7720 -0.5043
vn -0.3391 -0.8305 -0.4419
vn -0.2879 -0.8811 -0.3752
vn -0.2340 -0.9232 -0.3050
vn -0.1779 -0.9564 -0.2318
vn -0.1200 -0.9804 -0.1563
vn -0.0609 -0.9950 -0.0794
vn -0.0500 0.9950 -0.0866
vn -0.0985 0.9804 -0.1707
vn -0.1461 0.9564 -0.2530
vn -0.1922 0.9232 -0.3329
vn -0.2365 0.8811 -0.4096
vn -0.2785 0.8305 -0.4824
vn -0.3178 0.7720 -0.5505
vn -0.3541 0.7061 -0.6133
vn -0.3869 0.6334 -0.6702
vn -0.4160 0.5546 -0.7206
vn -0.4412 0.4706 -0.7642
vn -0.4621 0.3820 -0.8004
vn -0.4786 0.2897 -0.8289
vn -0.4904 0.1947 -0.8495
vn -0.4976 0.0978 -0.8619
vn -0.5000 -0.0000 -0.8660
vn -0.4976 -0.0978 -0.8619
vn -0.4904 -0.1947 -0.8495
vn -0.4786 -0.2897 -0.8289
vn -0.4621 -0.3820 -0.8004
vn -0.4412 -0.4706 -0.7642
vn -0.4160 -0.5546 -0.7206
vn -0.3869 -0.6334 -0.6702
vn -0.3541 -0.7061 -0.6133
vn -0.3178 -0.7720 -0.5505
vn -0.2785 -0.8305 -0.4824
vn -0.2365 -0.8811 -0.4096
vn -0.1922 -0.9232 -0.3329
vn -0.1461 -0.9564 -0.2530
vn -0.0985 -0.9804 -0.1707
vn -0.0500 -0.9950 -0.0866
vn -0.0383 0.9950 -0.0924
vn -0.0754 0.9804 -0.1821
vn -0.1118 0.9564 -0.2699
vn -0.1471 0.9232 -0.3552
vn -0.1810 0.8811 -0.4370
vn -0.2131 0.8305 -0.5146
vn -0.2432 0.7720 -0.5872
vn -0.2710 0.7061 -0.6542
vn -0.2961 0.6334 -0.7149
vn -0.3184 0.5546 -0.7688
vn -0.3377 0.4706 -0.8152
vn -0.3537 0.3820 -0.8538
vn -0.3663 0.2897 -0.8843
vn -0.3754 0.1947 -0.9062
vn -0.3808 0.0978 -0.9194
vn -0.3827 -0.0000 -0.9239
vn -0.3808 -0.0978 -0.9194
vn -0.3754 -0.1947 -0.9062
vn -0.3663 -0.2897 -0.8843
vn -0.3537 -0.3820 -0.8538
vn -0.3377 -0.4706 -0.8152
vn -0.3184 -0.5546 -0.7688
vn -0.2961 -0.6334 -0.7149
vn -0.2710 -0.7061 -0.6542
vn -0.2432 -0.7720 -0.5872
vn -0.2131 -0.8305 -0.5146
vn -0.1810 -0.8811 -0.4370
vn -0.1471 -0.9232 -0.3552
vn -0.1118 -0.9564 -0.2699
vn -0.0754 -0.9804 -0.1821
vn -0.0383 -0.9950 -0.0924
vn -0.0259 0.9950 -0.0966
vn -0.0510 0.9804 -0.1903
vn -0.0756 0.9564 -0.2822
vn -0.0995 0.9232 -0.3713
vn -0.1224 0.8811 -0.4569
vn -0.1442 0.8305 -0.5380
vn -0.1645 0.7720 -0.6140
vn -0.1833 0.7061 -0.6840
vn -0.2003 0.6334 -0.7475
vn -0.2154 0.5546 -0.8037
vn -0.2284 0.4706 -0.8523
vn -0.2392 0.3820 -0.8927
vn -0.2477 0.2897 -0.9245
vn -0.2539 0.1947 -0.9474
vn -0.2576 0.0978 -0.9613
vn -0.2588 -0.0000 -0.9659
vn -0.2576 -0.0978 -0.9613
vn -0.2539 -0.1947 -0.9474
vn -0.2477 -0.2897 -0.9245
vn -0.2392 -0.3820 -0.8927
vn -0.2284 -0.4706 -0.8523
vn -0.2154 -0.5546 -0.8037
vn -0.2003 -0.6334 -0.7475
vn -0.1833 -0.7061 -0.6840
vn -0.1645 -0.7720 -0.6140
vn -0.1442 -0.8305 -0.5380
vn -0.1224 -0.8811 -0.4569
vn -0.0995 -0.9232 -0.3713
vn -0.0756 -0.9564 -0.2822
vn -0.0510 -0.9804 -0.1903
vn -0.0259 -0.9950 -0.0966
vn -0.0131 0.9950 -0.0992
vn -0.0257 0.9804 -0.1954
vn -0.0381 0.9564 -0.2897
vn -0.0502 0.9232 -0.3811
vn -0.0617 0.8811 -0.4689
vn -0.0727 0.8305 -0.5522
vn -0.0830 0.7720 -0.6302
vn -0.0924 0.7061 -0.7021
vn -0.1010 0.6334 -0.7672
vn -0.1086 0.5546 -0.8250
vn -0.1152 0.4706 -0.8748
vn -0.1206 0.3820 -0.9163
vn -0.1249 0.2897 -0.9489
vn -0.1280 0.1947 -0.9725
vn -0.1299 0.0978 -0.9867
vn -0.1305 -0.0000 -0.9914
vn -0.1299 -0.0978 -0.9867
vn -0.1280 -0.1947 -0.9725
vn -0.1249 -0.2897 -0.9489
vn -0.1206 -0.3820 -0.9163
vn -0.1152 -0.4705 -0.8748
vn -0.1086 -0.5546 -0.8250
vn -0.1010 -0.6334 -0.7672
vn -0.0924 -0.7061 -0.7021
vn -0.0830 -0.7720 -0.6302
vn -0.0727 -0.8305 -0.5522
vn -0.0617 -0.8811 -0.4689
vn -0.0502 -0.9232 -0.3811
vn -0.0381 -0.9564 -0.2897
vn -0.0257 -0.9804 -0.1954
vn -0.0131 -0.9950 -0.0992
vn -0.0000 0.9804 -0.1971
vn -0.0000 0.9232 -0.3844
vn -0.0000 0.8811 -0.4730
vn -0.0000 0.4706 -0.8824
vn -0.0000 0.0978 -0.9952
vn -0.0000 -0.0000 -1.0000
vn -0.0000 -0.4705 -0.8824
vn -0.0000 -0.5546 -0.8321
vn -0.0000 -0.8305 -0.5570
vn -0.0000 -0.9232 -0.3844
vt 0.750000 0.625000
vt 0.750000 0.656250
vt 0.729167 0.656250
vt 0.729167 0.625000
vt 0.750000 0.187500
vt 0.750000 0.218750
vt 0.729167 0.218750
vt 0.729167 0.187500
vt 0.750000 0.593750
vt 0.729167 0.593750
vt 0.750000 0.156250
vt 0.729167 0.156250
vt 0.750000 0.562500
vt 0.729167 0.562500
vt 0.750000 0.968750
vt 0.739583 1.000000
vt 0.729167 0.968750
vt 0.750000 0.125000
vt 0.729167 0.125000
vt 0.750000 0.531250
vt 0.729167 0.531250
vt 0.750000 0.937500
vt 0.729167 0.937500
vt 0.750000 0.093750
vt 0.729167 0.093750
vt 0.750000 0.500000
vt 0.729167 0.500000
vt 0.750000 0.906250
vt 0.729167 0.906250
vt 0.750000 0.062500
vt 0.729167 0.062500
vt 0.750000 0.468750
vt 0.729167 0.468750
vt 0.750000 0.875000
vt 0.729167 0.875000
vt 0.750000 0.031250
vt 0.729167 0.031250
vt 0.750000 0.437500
vt 0.729167 0.437500
vt 0.750000 0.843750
vt 0.729167 0.843750
vt 0.739583 0.000000
vt 0.750000 0.406250
vt 0.729167 0.406250
vt 0.750000 0.812500
vt 0.729167 0.812500
vt 0.750000 0.375000
vt 0.729167 0.375000
vt 0.750000 0.781250
vt 0.729167 0.781250
vt 0.750000 0.343750
vt 0.729167 0.343750
vt 0.750000 0.750000
vt 0.729167 0.750000
vt 0.750000 0.312500
vt 0.729167 0.312500
vt 0.750000 0.718750
vt 0.729167 0.718750
vt 0.750000 0.281250
vt 0.729167 0.281250
vt 0.750000 0.687500
vt 0.729167 0.687500
vt 0.750000 0.250000
vt 0.729167 0.250000
vt 0.708333 0.406250
vt 0.708333 0.375000
vt 0.708333 0.812500
vt 0.708333 0.781250
vt 0.708333 0.343750
vt 0.708333 0.750000
vt 0.708333 0.312500
vt 0.708333 0.718750
vt 0.708333 0.281250
vt 0.708333 0.687500
vt 0.708333 0.250000
vt 0.708333 0.656250
vt 0.708333 0.218750
vt 0.708333 0.625000
vt 0.708333 0.187500
vt 0.708333 0.593750
vt 0.708333 0.156250
vt 0.708333 0.562500
vt 0.718750 1.000000
vt 0.708333 0.968750
vt 0.708333 0.125000
vt 0.708333 0.531250
vt 0.708333 0.937500
vt 0.708333 0.093750
vt 0.708333 0.500000
vt 0.708333 0.906250
vt 0.708333 0.062500
vt 0.708333 0.468750
vt 0.708333 0.875000
vt 0.708333 0.031250
vt 0.708333 0.437500
vt 0.708333 0.843750
vt 0.718750 0.000000
vt 0.687500 0.343750
vt 0.687500 0.312500
vt 0.687500 0.750000
vt 0.687500 0.718750
vt 0.687500 0.281250
vt 0.687500 0.687500
vt 0.687500 0.250000
vt 0.687500 0.656250
vt 0.687500 0.218750
vt 0.687500 0.625000
vt 0.687500 0.187500
vt 0.687500 0.593750
vt 0.687500 0.156250
vt 0.687500 0.562500
vt 0.697917 1.000000
vt 0.687500 0.968750
vt 0.687500 0.125000
vt 0.687500 0.531250
vt 0.687500 0.937500
vt 0.687500 0.093750
vt 0.687500 0.500000
vt 0.687500 0.906250
vt 0.687500 0.062500
vt 0.687500 0.468750
vt 0.687500 0.875000
vt 0.687500 0.031250
vt 0.687500 0.437500
vt 0.687500 0.843750
vt 0.697917 0.000000
vt 0.687500 0.406250
vt 0.687500 0.812500
vt 0.687500 0.375000
vt 0.687500 0.781250
vt 0.666667 0.281250
vt 0.666667 0.250000
vt 0.666667 0.687500
vt 0.666667 0.656250
vt 0.666667 0.218750
vt 0.666667 0.625000
vt 0.666667 0.187500
vt 0.666667 0.593750
vt 0.666667 0.156250
vt 0.666667 0.562500
vt 0.677083 1.000000
vt 0.666667 0.968750
vt 0.666667 0.125000
vt 0.666667 0.531250
vt 0.666667 0.937500
vt 0.666667 0.093750
vt 0.666667 0.500000
vt 0.666667 0.906250
vt 0.666667 0.062500
vt 0.666667 0.468750
vt 0.666667 0.875000
vt 0.666667 0.031250
vt 0.666667 0.437500
vt 0.666667 0.843750
vt 0.677083 0.000000
vt 0.666667 0.406250
vt 0.666667 0.812500
vt 0.666667 0.375000
vt 0.666667 0.781250
vt 0.666667 0.343750
vt 0.666667 0.750000
vt 0.666667 0.312500
vt 0.666667 0.718750
vt 0.645833 0.218750
vt 0.645833 0.187500
vt 0.645833 0.625000
vt 0.645833 0.593750
vt 0.645833 0.156250
vt 0.645833 0.562500
vt 0.656250 1.000000
vt 0.645833 0.968750
vt 0.645833 0.125000
vt 0.645833 0.531250
vt 0.645833 0.937500
vt 0.645833 0.093750
vt 0.645833 0.500000
vt 0.645833 0.906250
vt 0.645833 0.062500
vt 0.645833 0.468750
vt 0.645833 0.875000
vt 0.645833 0.031250
vt 0.645833 0.437500
vt 0.645833 0.843750
vt 0.656250 0.000000
vt 0.645833 0.406250
vt 0.645833 0.812500
vt 0.645833 0.375000
vt 0.645833 0.781250
vt 0.645833 0.343750
vt 0.645833 0.750000
vt 0.645833 0.312500
vt 0.645833 0.718750
vt 0.645833 0.281250
vt 0.645833 0.687500
vt 0.645833 0.250000
vt 0.645833 0.656250
vt 0.625000 0.156250
vt 0.625000 0.125000
vt 0.625000 0.562500
vt 0.625000 0.531250
vt 0.625000 0.968750
vt 0.625000 0.937500
vt 0.625000 0.093750
vt 0.625000 0.500000
vt 0.625000 0.906250
vt 0.625000 0.062500
vt 0.625000 0.468750
vt 0.625000 0.875000
vt 0.625000 0.031250
vt 0.625000 0.437500
vt 0.625000 0.843750
vt 0.635417 0.000000
vt 0.625000 0.406250
vt 0.625000 0.812500
vt 0.625000 0.375000
vt 0.625000 0.781250
vt 0.625000 0.343750
vt 0.625000 0.750000
vt 0.625000 0.312500
vt 0.625000 0.718750
vt 0.625000 0.281250
vt 0.625000 0.687500
vt 0.625000 0.250000
vt 0.625000 0.656250
vt 0.625000 0.218750
vt 0.625000 0.625000
vt 0.625000 0.187500
vt 0.625000 0.593750
vt 0.635417 1.000000
vt 0.604167 0.093750
vt 0.604167 0.062500
vt 0.604167 0.500000
vt 0.604167 0.468750
vt 0.604167 0.906250
vt 0.604167 0.875000
vt 0.604167 0.031250
vt 0.604167 0.437500
vt 0.604167 0.843750
vt 0.614583 0.000000
vt 0.604167 0.406250
vt 0.604167 0.812500
vt 0.604167 0.375000
vt 0.604167 0.781250
vt 0.604167 0.343750
vt 0.604167 0.750000
vt 0.604167 0.312500
vt 0.604167 0.718750
vt 0.604167 0.281250
vt 0.604167 0.687500
vt 0.604167 0.250000
vt 0.604167 0.656250
vt 0.604167 0.218750
vt 0.604167 0.625000
vt 0.604167 0.187500
vt 0.604167 0.593750
vt 0.604167 0.156250
vt 0.604167 0.562500
vt 0.614583 1.000000
vt 0.604167 0.968750
vt 0.604167 0.125000
vt 0.604167 0.531250
vt 0.604167 0.937500
vt 0.593750 0.000000
vt 0.583333 0.031250
vt 0.583333 0.437500
vt 0.583333 0.406250
vt 0.583333 0.843750
vt 0.583333 0.812500
vt 0.583333 0.375000
vt 0.583333 0.781250
vt 0.583333 0.343750
vt 0.583333 0.750000
vt 0.583333 0.312500
vt 0.583333 0.718750
vt 0.583333 0.281250
vt 0.583333 0.687500
vt 0.583333 0.250000
vt 0.583333 0.656250
vt 0.583333 0.218750
vt 0.583333 0.625000
vt 0.583333 0.187500
vt 0.583333 0.593750
vt 0.583333 0.156250
vt 0.583333 0.562500
vt 0.593750 1.000000
vt 0.583333 0.968750
vt 0.583333 0.125000
vt 0.583333 0.531250
vt 0.583333 0.937500
vt 0.583333 0.093750
vt 0.583333 0.500000
vt 0.583333 0.906250
vt 0.583333 0.062500
vt 0.583333 0.468750
vt 0.583333 0.875000
vt 0.562500 0.375000
vt 0.562500 0.343750
vt 0.562500 0.781250
vt 0.562500 0.750000
vt 0.562500 0.312500
vt 0.562500 0.718750
vt 0.562500 0.281250
vt 0.562500 0.687500
vt 0.562500 0.250000
vt 0.562500 0.656250
vt 0.562500 0.218750
vt 0.562500 0.625000
vt 0.562500 0.187500
vt 0.562500 0.593750
vt 0.562500 0.156250
vt 0.562500 0.562500
vt 0.572917 1.000000
vt 0.562500 0.968750
vt 0.562500 0.125000
vt 0.562500 0.531250
vt 0.562500 0.937500
vt 0.562500 0.093750
vt 0.562500 0.500000
vt 0.562500 0.906250
vt 0.562500 0.062500
vt 0.562500 0.468750
vt 0.562500 0.875000
vt 0.562500 0.031250
vt 0.562500 0.437500
vt 0.562500 0.843750
vt 0.572917 0.000000
vt 0.562500 0.406250
vt 0.562500 0.812500
vt 0.541667 0.312500
vt 0.541667 0.281250
vt 0.541667 0.718750
vt 0.541667 0.687500
vt 0.541667 0.250000
vt 0.541667 0.656250
vt 0.541667 0.218750
vt 0.541667 0.625000
vt 0.541667 0.187500
vt 0.541667 0.593750
vt 0.541667 0.156250
vt 0.541667 0.562500
vt 0.552083 1.000000
vt 0.541667 0.968750
vt 0.541667 0.125000
vt 0.541667 0.531250
vt 0.541667 0.937500
vt 0.541667 0.093750
vt 0.541667 0.500000
vt 0.541667 0.906250
vt 0.541667 0.062500
vt 0.541667 0.468750
vt 0.541667 0.875000
vt 0.541667 0.031250
vt 0.541667 0.437500
vt 0.541667 0.843750
vt 0.552083 0.000000
vt 0.541667 0.406250
vt 0.541667 0.812500
vt 0.541667 0.375000
vt 0.541667 0.781250
vt 0.541667 0.343750
vt 0.541667 0.750000
vt 0.520833 0.250000
vt 0.520833 0.218750
vt 0.520833 0.656250
vt 0.520833 0.625000
vt 0.520833 0.187500
vt 0.520833 0.593750
vt 0.520833 0.156250
vt 0.520833 0.562500
vt 0.531250 1.000000
vt 0.520833 0.968750
vt 0.520833 0.125000
vt 0.520833 0.531250
vt 0.520833 0.937500
vt 0.520833 0.093750
vt 0.520833 0.500000
vt 0.520833 0.906250
vt 0.520833 0.062500
vt 0.520833 0.468750
vt 0.520833 0.875000
vt 0.520833 0.031250
vt 0.520833 0.437500
vt 0.520833 0.843750
vt 0.531250 0.000000
vt 0.520833 0.406250
vt 0.520833 0.812500
vt 0.520833 0.375000
vt 0.520833 0.781250
vt 0.520833 0.343750
vt 0.520833 0.750000
vt 0.520833 0.312500
vt 0.520833 0.718750
vt 0.520833 0.281250
vt 0.520833 0.687500
vt 0.500000 0.187500
vt 0.500000 0.156250
vt 0.500000 0.593750
vt 0.500000 0.562500
vt 0.510417 1.000000
vt 0.500000 0.968750
vt 0.500000 0.125000
vt 0.500000 0.531250
vt 0.500000 0.937500
vt 0.500000 0.093750
vt 0.500000 0.500000
vt 0.500000 0.906250
vt 0.500000 0.062500
vt 0.500000 0.468750
vt 0.500000 0.875000
vt 0.500000 0.031250
vt 0.500000 0.437500
vt 0.500000 0.843750
vt 0.510417 0.000000
vt 0.500000 0.406250
vt 0.500000 0.812500
vt 0.500000 0.375000
vt 0.500000 0.781250
vt 0.500000 0.343750
vt 0.500000 0.750000
vt 0.500000 0.312500
vt 0.500000 0.718750
vt 0.500000 0.281250
vt 0.500000 0.687500
vt 0.500000 0.250000
vt 0.500000 0.656250
vt 0.500000 0.218750
vt 0.500000 0.625000
vt 0.479167 0.968750
vt 0.479167 0.937500
vt 0.479167 0.125000
vt 0.479167 0.093750
vt 0.479167 0.531250
vt 0.479167 0.500000
vt 0.479167 0.906250
vt 0.479167 0.062500
vt 0.479167 0.468750
vt 0.479167 0.875000
vt 0.479167 0.031250
vt 0.479167 0.437500
vt 0.479167 0.843750
vt 0.489583 0.000000
vt 0.479167 0.406250
vt 0.479167 0.812500
vt 0.479167 0.375000
vt 0.479167 0.781250
vt 0.479167 0.343750
vt 0.479167 0.750000
vt 0.479167 0.312500
vt 0.479167 0.718750
vt 0.479167 0.281250
vt 0.479167 0.687500
vt 0.479167 0.250000
vt 0.479167 0.656250
vt 0.479167 0.218750
vt 0.479167 0.625000
vt 0.479167 0.187500
vt 0.479167 0.593750
vt 0.479167 0.156250
vt 0.479167 0.562500
vt 0.489583 1.000000
vt 0.458333 0.906250
vt 0.458333 0.875000
vt 0.458333 0.062500
vt 0.458333 0.031250
vt 0.458333 0.468750
vt 0.458333 0.437500
vt 0.458333 0.843750
vt 0.468750 0.000000
vt 0.458333 0.406250
vt 0.458333 0.812500
vt 0.458333 0.375000
vt 0.458333 0.781250
vt 0.458333 0.343750
vt 0.458333 0.750000
vt 0.458333 0.312500
vt 0.458333 0.718750
vt 0.458333 0.281250
vt 0.458333 0.687500
vt 0.458333 0.250000
vt 0.458333 0.656250
vt 0.458333 0.218750
vt 0.458333 0.625000
vt 0.458333 0.187500
vt 0.458333 0.593750
vt 0.458333 0.156250
vt 0.458333 0.562500
vt 0.468750 1.000000
vt 0.458333 0.968750
vt 0.458333 0.125000
vt 0.458333 0.531250
vt 0.458333 0.937500
vt 0.458333 0.093750
vt 0.458333 0.500000
vt 0.437500 0.843750
vt 0.437500 0.812500
vt 0.437500 0.406250
vt 0.437500 0.375000
vt 0.437500 0.781250
vt 0.437500 0.343750
vt 0.437500 0.750000
vt 0.437500 0.312500
vt 0.437500 0.718750
vt 0.437500 0.281250
vt 0.437500 0.687500
vt 0.437500 0.250000
vt 0.437500 0.656250
vt 0.437500 0.218750
vt 0.437500 0.625000
vt 0.437500 0.187500
vt 0.437500 0.593750
vt 0.437500 0.156250
vt 0.437500 0.562500
vt 0.447917 1.000000
vt 0.437500 0.968750
vt 0.437500 0.125000
vt 0.437500 0.531250
vt 0.437500 0.937500
vt 0.437500 0.093750
vt 0.437500 0.500000
vt 0.437500 0.906250
vt 0.437500 0.062500
vt 0.437500 0.468750
vt 0.437500 0.875000
vt 0.437500 0.031250
vt 0.437500 0.437500
vt 0.447917 0.000000
vt 0.416667 0.781250
vt 0.416667 0.750000
vt 0.416667 0.343750
vt 0.416667 0.312500
vt 0.416667 0.718750
vt 0.416667 0.281250
vt 0.416667 0.687500
vt 0.416667 0.250000
vt 0.416667 0.656250
vt 0.416667 0.218750
vt 0.416667 0.625000
vt 0.416667 0.187500
vt 0.416667 0.593750
vt 0.416667 0.156250
vt 0.416667 0.562500
vt 0.427083 1.000000
vt 0.416667 0.968750
vt 0.416667 0.125000
vt 0.416667 0.531250
vt 0.416667 0.937500
vt 0.416667 0.093750
vt 0.416667 0.500000
vt 0.416667 0.906250
vt 0.416667 0.062500
vt 0.416667 0.468750
vt 0.416667 0.875000
vt 0.416667 0.031250
vt 0.416667 0.437500
vt 0.416667 0.843750
vt 0.427083 0.000000
vt 0.416667 0.406250
vt 0.416667 0.812500
vt 0.416667 0.375000
vt 0.395833 0.718750
vt 0.395833 0.687500
vt 0.395833 0.281250
vt 0.395833 0.250000
vt 0.395833 0.656250
vt 0.395833 0.218750
vt 0.395833 0.625000
vt 0.395833 0.187500
vt 0.395833 0.593750
vt 0.395833 0.156250
vt 0.395833 0.562500
vt 0.406250 1.000000
vt 0.395833 0.968750
vt 0.395833 0.125000
vt 0.395833 0.531250
vt 0.395833 0.937500
vt 0.395833 0.093750
vt 0.395833 0.500000
vt 0.395833 0.906250
vt 0.395833 0.062500
vt 0.395833 0.468750
vt 0.395833 0.875000
vt 0.395833 0.031250
vt 0.395833 0.437500
vt 0.395833 0.843750
vt 0.406250 0.000000
vt 0.395833 0.406250
vt 0.395833 0.812500
vt 0.395833 0.375000
vt 0.395833 0.781250
vt 0.395833 0.343750
vt 0.395833 0.750000
vt 0.395833 0.312500
vt 0.375000 0.656250
vt 0.375000 0.625000
vt 0.375000 0.218750
vt 0.375000 0.187500
vt 0.375000 0.593750
vt 0.375000 0.156250
vt 0.375000 0.562500
vt 0.385417 1.000000
vt 0.375000 0.968750
vt 0.375000 0.125000
vt 0.375000 0.531250
vt 0.375000 0.937500
vt 0.375000 0.093750
vt 0.375000 0.500000
vt 0.375000 0.906250
vt 0.375000 0.062500
vt 0.375000 0.468750
vt 0.375000 0.875000
vt 0.375000 0.031250
vt 0.375000 0.437500
vt 0.375000 0.843750
vt 0.385417 0.000000
vt 0.375000 0.406250
vt 0.375000 0.812500
vt 0.375000 0.375000
vt 0.375000 0.781250
vt 0.375000 0.343750
vt 0.375000 0.750000
vt 0.375000 0.312500
vt 0.375000 0.718750
vt 0.375000 0.281250
vt 0.375000 0.687500
vt 0.375000 0.250000
vt 0.354167 0.593750
vt 0.354167 0.562500
vt 0.364583 1.000000
vt 0.354167 0.968750
vt 0.354167 0.156250
vt 0.354167 0.125000
vt 0.354167 0.531250
vt 0.354167 0.937500
vt 0.354167 0.093750
vt 0.354167 0.500000
vt 0.354167 0.906250
vt 0.354167 0.062500
vt 0.354167 0.468750
vt 0.354167 0.875000
vt 0.354167 0.031250
vt 0.354167 0.437500
vt 0.354167 0.843750
vt 0.364583 0.000000
vt 0.354167 0.406250
vt 0.354167 0.812500
vt 0.354167 0.375000
vt 0.354167 0.781250
vt 0.354167 0.343750
vt 0.354167 0.750000
vt 0.354167 0.312500
vt 0.354167 0.718750
vt 0.354167 0.281250
vt 0.354167 0.687500
vt 0.354167 0.250000
vt 0.354167 0.656250
vt 0.354167 0.218750
vt 0.354167 0.625000
vt 0.354167 0.187500
vt 0.333333 0.531250
vt 0.333333 0.500000
vt 0.333333 0.937500
vt 0.333333 0.906250
vt 0.333333 0.093750
vt 0.333333 0.062500
vt 0.333333 0.468750
vt 0.333333 0.875000
vt 0.333333 0.031250
vt 0.333333 0.437500
vt 0.333333 0.843750
vt 0.343750 0.000000
vt 0.333333 0.406250
vt 0.333333 0.812500
vt 0.333333 0.375000
vt 0.333333 0.781250
vt 0.333333 0.343750
vt 0.333333 0.750000
vt 0.333333 0.312500
vt 0.333333 0.718750
vt 0.333333 0.281250
vt 0.333333 0.687500
vt 0.333333 0.250000
vt 0.333333 0.656250
vt 0.333333 0.218750
vt 0.333333 0.625000
vt 0.333333 0.187500
vt 0.333333 0.593750
vt 0.333333 0.156250
vt 0.333333 0.562500
vt 0.343750 1.000000
vt 0.333333 0.968750
vt 0.333333 0.125000
vt 0.312500 0.468750
vt 0.312500 0.437500
vt 0.312500 0.875000
vt 0.312500 0.843750
vt 0.322917 0.000000
vt 0.312500 0.031250
vt 0.312500 0.406250
vt 0.312500 0.812500
vt 0.312500 0.375000
vt 0.312500 0.781250
vt 0.312500 0.343750
vt 0.312500 0.750000
vt 0.312500 0.312500
vt 0.312500 0.718750
vt 0.312500 0.281250
vt 0.312500 0.687500
vt 0.312500 0.250000
vt 0.312500 0.656250
vt 0.312500 0.218750
vt 0.312500 0.625000
vt 0.312500 0.187500
vt 0.312500 0.593750
vt 0.312500 0.156250
vt 0.312500 0.562500
vt 0.322917 1.000000
vt 0.312500 0.968750
vt 0.312500 0.125000
vt 0.312500 0.531250
vt 0.312500 0.937500
vt 0.312500 0.093750
vt 0.312500 0.500000
vt 0.312500 0.906250
vt 0.312500 0.062500
vt 0.291667 0.406250
vt 0.291667 0.375000
vt 0.291667 0.812500
vt 0.291667 0.781250
vt 0.291667 0.343750
vt 0.291667 0.750000
vt 0.291667 0.312500
vt 0.291667 0.718750
vt 0.291667 0.281250
vt 0.291667 0.687500
vt 0.291667 0.250000
vt 0.291667 0.656250
vt 0.291667 0.218750
vt 0.291667 0.625000
vt 0.291667 0.187500
vt 0.291667 0.593750
vt 0.291667 0.156250
vt 0.291667 0.562500
vt 0.302083 1.000000
vt 0.291667 0.968750
vt 0.291667 0.125000
vt 0.291667 0.531250
vt 0.291667 0.937500
vt 0.291667 0.093750
vt 0.291667 0.500000
vt 0.291667 0.906250
vt 0.291667 0.062500
vt 0.291667 0.468750
vt 0.291667 0.875000
vt 0.291667 0.031250
vt 0.291667 0.437500
vt 0.291667 0.843750
vt 0.302083 0.000000
vt 0.270833 0.343750
vt 0.270833 0.312500
vt 0.270833 0.750000
vt 0.270833 0.718750
vt 0.270833 0.281250
vt 0.270833 0.687500
vt 0.270833 0.250000
vt 0.270833 0.656250
vt 0.270833 0.218750
vt 0.270833 0.625000
vt 0.270833 0.187500
vt 0.270833 0.593750
vt 0.270833 0.156250
vt 0.270833 0.562500
vt 0.281250 1.000000
vt 0.270833 0.968750
vt 0.270833 0.125000
vt 0.270833 0.531250
vt 0.270833 0.937500
vt 0.270833 0.093750
vt 0.270833 0.500000
vt 0.270833 0.906250
vt 0.270833 0.062500
vt 0.270833 0.468750
vt 0.270833 0.875000
vt 0.270833 0.031250
vt 0.270833 0.437500
vt 0.270833 0.843750
vt 0.281250 0.000000
vt 0.270833 0.406250
vt 0.270833 0.812500
vt 0.270833 0.375000
vt 0.270833 0.781250
vt 0.250000 0.281250
vt 0.250000 0.250000
vt 0.250000 0.687500
vt 0.250000 0.656250
vt 0.250000 0.218750
vt 0.250000 0.625000
vt 0.250000 0.187500
vt 0.250000 0.593750
vt 0.250000 0.156250
vt 0.250000 0.562500
vt 0.260417 1.000000
vt 0.250000 0.968750
vt 0.250000 0.125000
vt 0.250000 0.531250
vt 0.250000 0.937500
vt 0.250000 0.093750
vt 0.250000 0.500000
vt 0.250000 0.906250
vt 0.250000 0.062500
vt 0.250000 0.468750
vt 0.250000 0.875000
vt 0.250000 0.031250
vt 0.250000 0.437500
vt 0.250000 0.843750
vt 0.260417 0.000000
vt 0.250000 0.406250
vt 0.250000 0.812500
vt 0.250000 0.375000
vt 0.250000 0.781250
vt 0.250000 0.343750
vt 0.250000 0.750000
vt 0.250000 0.312500
vt 0.250000 0.718750
vt 0.229167 0.218750
vt 0.229167 0.187500
vt 0.229167 0.625000
vt 0.229167 0.593750
vt 0.229167 0.156250
vt 0.229167 0.562500
vt 0.239583 1.000000
vt 0.229167 0.968750
vt 0.229167 0.125000
vt 0.229167 0.531250
vt 0.229167 0.937500
vt 0.229167 0.093750
vt 0.229167 0.500000
vt 0.229167 0.906250
vt 0.229167 0.062500
vt 0.229167 0.468750
vt 0.229167 0.875000
vt 0.229167 0.031250
vt 0.229167 0.437500
vt 0.229167 0.843750
vt 0.239583 0.000000
vt 0.229167 0.406250
vt 0.229167 0.812500
vt 0.229167 0.375000
vt 0.229167 0.781250
vt 0.229167 0.343750
vt 0.229167 0.750000
vt 0.229167 0.312500
vt 0.229167 0.718750
vt 0.229167 0.281250
vt 0.229167 0.687500
vt 0.229167 0.250000
vt 0.229167 0.656250
vt 0.218750 1.000000
vt 0.208333 0.968750
vt 0.208333 0.156250
vt 0.208333 0.125000
vt 0.208333 0.562500
vt 0.208333 0.531250
vt 0.208333 0.937500
vt 0.208333 0.093750
vt 0.208333 0.500000
vt 0.208333 0.906250
vt 0.208333 0.062500
vt 0.208333 0.468750
vt 0.208333 0.875000
vt 0.208333 0.031250
vt 0.208333 0.437500
vt 0.208333 0.843750
vt 0.218750 0.000000
vt 0.208333 0.406250
vt 0.208333 0.812500
vt 0.208333 0.375000
vt 0.208333 0.781250
vt 0.208333 0.343750
vt 0.208333 0.750000
vt 0.208333 0.312500
vt 0.208333 0.718750
vt 0.208333 0.281250
vt 0.208333 0.687500
vt 0.208333 0.250000
vt 0.208333 0.656250
vt 0.208333 0.218750
vt 0.208333 0.625000
vt 0.208333 0.187500
vt 0.208333 0.593750
vt 0.187500 0.406250
vt 0.187500 0.375000
vt 0.187500 0.812500
vt 0.187500 0.781250
vt 0.187500 0.343750
vt 0.187500 0.750000
vt 0.187500 0.312500
vt 0.187500 0.718750
vt 0.187500 0.281250
vt 0.187500 0.687500
vt 0.187500 0.250000
vt 0.187500 0.656250
vt 0.187500 0.218750
vt 0.187500 0.625000
vt 0.187500 0.187500
vt 0.187500 0.593750
vt 0.187500 0.156250
vt 0.187500 0.562500
vt 0.197917 1.000000
vt 0.187500 0.968750
vt 0.187500 0.125000
vt 0.187500 0.531250
vt 0.187500 0.937500
vt 0.187500 0.093750
vt 0.187500 0.500000
vt 0.187500 0.906250
vt 0.187500 0.062500
vt 0.187500 0.468750
vt 0.187500 0.875000
vt 0.187500 0.031250
vt 0.187500 0.437500
vt 0.187500 0.843750
vt 0.197917 0.000000
vt 0.166667 0.343750
vt 0.166667 0.312500
vt 0.166667 0.750000
vt 0.166667 0.718750
vt 0.166667 0.281250
vt 0.166667 0.687500
vt 0.166667 0.250000
vt 0.166667 0.656250
vt 0.166667 0.218750
vt 0.166667 0.625000
vt 0.166667 0.187500
vt 0.166667 0.593750
vt 0.166667 0.156250
vt 0.166667 0.562500
vt 0.177083 1.000000
vt 0.166667 0.968750
vt 0.166667 0.125000
vt 0.166667 0.531250
vt 0.166667 0.937500
vt 0.166667 0.093750
vt 0.166667 0.500000
vt 0.166667 0.906250
vt 0.166667 0.062500
vt 0.166667 0.468750
vt 0.166667 0.875000
vt 0.166667 0.031250
vt 0.166667 0.437500
vt 0.166667 0.843750
vt 0.177083 0.000000
vt 0.166667 0.406250
vt 0.166667 0.812500
vt 0.166667 0.375000
vt 0.166667 0.781250
vt 0.145833 0.281250
vt 0.145833 0.250000
vt 0.145833 0.687500
vt 0.145833 0.656250
vt 0.145833 0.218750
vt 0.145833 0.625000
vt 0.145833 0.187500
vt 0.145833 0.593750
vt 0.145833 0.156250
vt 0.145833 0.562500
vt 0.156250 1.000000
vt 0.145833 0.968750
vt 0.145833 0.125000
vt 0.145833 0.531250
vt 0.145833 0.937500
vt 0.145833 0.093750
vt 0.145833 0.500000
vt 0.145833 0.906250
vt 0.145833 0.062500
vt 0.145833 0.468750
vt 0.145833 0.875000
vt 0.145833 0.031250
vt 0.145833 0.437500
vt 0.145833 0.843750
vt 0.156250 0.000000
vt 0.145833 0.406250
vt 0.145833 0.812500
vt 0.145833 0.375000
vt 0.145833 0.781250
vt 0.145833 0.343750
vt 0.145833 0.750000
vt 0.145833 0.312500
vt 0.145833 0.718750
vt 0.125000 0.218750
vt 0.125000 0.187500
vt 0.125000 0.625000
vt 0.125000 0.593750
vt 0.125000 0.156250
vt 0.125000 0.562500
vt 0.135417 1.000000
vt 0.125000 0.968750
vt 0.125000 0.125000
vt 0.125000 0.531250
vt 0.125000 0.937500
vt 0.125000 0.093750
vt 0.125000 0.500000
vt 0.125000 0.906250
vt 0.125000 0.062500
vt 0.125000 0.468750
vt 0.125000 0.875000
vt 0.125000 0.031250
vt 0.125000 0.437500
vt 0.125000 0.843750
vt 0.135417 0.000000
vt 0.125000 0.406250
vt 0.125000 0.812500
vt 0.125000 0.375000
vt 0.125000 0.781250
vt 0.125000 0.343750
vt 0.125000 0.750000
vt 0.125000 0.312500
vt 0.125000 0.718750
vt 0.125000 0.281250
vt 0.125000 0.687500
vt 0.125000 0.250000
vt 0.125000 0.656250
vt 0.114583 1.000000
vt 0.104167 0.968750
vt 0.104167 0.156250
vt 0.104167 0.125000
vt 0.104167 0.562500
vt 0.104167 0.531250
vt 0.104167 0.937500
vt 0.104167 0.093750
vt 0.104167 0.500000
vt 0.104167 0.906250
vt 0.104167 0.062500
vt 0.104167 0.468750
vt 0.104167 0.875000
vt 0.104167 0.031250
vt 0.104167 0.437500
vt 0.104167 0.843750
vt 0.114583 0.000000
vt 0.104167 0.406250
vt 0.104167 0.812500
vt 0.104167 0.375000
vt 0.104167 0.781250
vt 0.104167 0.343750
vt 0.104167 0.750000
vt 0.104167 0.312500
vt 0.104167 0.718750
vt 0.104167 0.281250
vt 0.104167 0.687500
vt 0.104167 0.250000
vt 0.104167 0.656250
vt 0.104167 0.218750
vt 0.104167 0.625000
vt 0.104167 0.187500
vt 0.104167 0.593750
vt 0.083333 0.937500
vt 0.083333 0.906250
vt 0.083333 0.093750
vt 0.083333 0.062500
vt 0.083333 0.500000
vt 0.083333 0.468750
vt 0.083333 0.875000
vt 0.083333 0.031250
vt 0.083333 0.437500
vt 0.083333 0.843750
vt 0.093750 0.000000
vt 0.083333 0.406250
vt 0.083333 0.812500
vt 0.083333 0.375000
vt 0.083333 0.781250
vt 0.083333 0.343750
vt 0.083333 0.750000
vt 0.083333 0.312500
vt 0.083333 0.718750
vt 0.083333 0.281250
vt 0.083333 0.687500
vt 0.083333 0.250000
vt 0.083333 0.656250
vt 0.083333 0.218750
vt 0.083333 0.625000
vt 0.083333 0.187500
vt 0.083333 0.593750
vt 0.083333 0.156250
vt 0.083333 0.562500
vt 0.093750 1.000000
vt 0.083333 0.968750
vt 0.083333 0.125000
vt 0.083333 0.531250
vt 0.062500 0.875000
vt 0.062500 0.843750
vt 0.072917 0.000000
vt 0.062500 0.031250
vt 0.062500 0.437500
vt 0.062500 0.406250
vt 0.062500 0.812500
vt 0.062500 0.375000
vt 0.062500 0.781250
vt 0.062500 0.343750
vt 0.062500 0.750000
vt 0.062500 0.312500
vt 0.062500 0.718750
vt 0.062500 0.281250
vt 0.062500 0.687500
vt 0.062500 0.250000
vt 0.062500 0.656250
vt 0.062500 0.218750
vt 0.062500 0.625000
vt 0.062500 0.187500
vt 0.062500 0.593750
vt 0.062500 0.156250
vt 0.062500 0.562500
vt 0.072917 1.000000
vt 0.062500 0.968750
vt 0.062500 0.125000
vt 0.062500 0.531250
vt 0.062500 0.937500
vt 0.062500 0.093750
vt 0.062500 0.500000
vt 0.062500 0.906250
vt 0.062500 0.062500
vt 0.062500 0.468750
vt 0.041667 0.812500
vt 0.041667 0.781250
vt 0.041667 0.375000
vt 0.041667 0.343750
vt 0.041667 0.750000
vt 0.041667 0.312500
vt 0.041667 0.718750
vt 0.041667 0.281250
vt 0.041667 0.687500
vt 0.041667 0.250000
vt 0.041667 0.656250
vt 0.041667 0.218750
vt 0.041667 0.625000
vt 0.041667 0.187500
vt 0.041667 0.593750
vt 0.041667 0.156250
vt 0.041667 0.562500
vt 0.052083 1.000000
vt 0.041667 0.968750
vt 0.041667 0.125000
vt 0.041667 0.531250
vt 0.041667 0.937500
vt 0.041667 0.093750
vt 0.041667 0.500000
vt 0.041667 0.906250
vt 0.041667 0.062500
vt 0.041667 0.468750
vt 0.041667 0.875000
vt 0.041667 0.031250
vt 0.041667 0.437500
vt 0.041667 0.843750
vt 0.052083 0.000000
vt 0.041667 0.406250
vt 0.020833 0.750000
vt 0.020833 0.718750
vt 0.020833 0.312500
vt 0.020833 0.281250
vt 0.020833 0.687500
vt 0.020833 0.250000
vt 0.020833 0.656250
vt 0.020833 0.218750
vt 0.020833 0.625000
vt 0.020833 0.187500
vt 0.020833 0.593750
vt 0.020833 0.156250
vt 0.020833 0.562500
vt 0.031250 1.000000
vt 0.020833 0.968750
vt 0.020833 0.125000
vt 0.020833 0.531250
vt 0.020833 0.937500
vt 0.020833 0.093750
vt 0.020833 0.500000
vt 0.020833 0.906250
vt 0.020833 0.062500
vt 0.020833 0.468750
vt 0.020833 0.875000
vt 0.020833 0.031250
vt 0.020833 0.437500
vt 0.020833 0.843750
vt 0.031250 0.000000
vt 0.020833 0.406250
vt 0.020833 0.812500
vt 0.020833 0.375000
vt 0.020833 0.781250
vt 0.020833 0.343750
vt 0.000000 0.687500
vt 0.000000 0.656250
vt 0.000000 0.250000
vt 0.000000 0.218750
vt 0.000000 0.625000
vt 0.000000 0.187500
vt 0.000000 0.593750
vt 0.000000 0.156250
vt 0.000000 0.562500
vt 0.010417 1.000000
vt 0.000000 0.968750
vt 0.000000 0.125000
vt 0.000000 0.531250
vt 0.000000 0.937500
vt 0.000000 0.093750
vt 0.000000 0.500000
vt 0.000000 0.906250
vt 0.000000 0.062500
vt 0.000000 0.468750
vt 0.000000 0.875000
vt 0.000000 0.031250
vt 0.000000 0.437500
vt 0.000000 0.843750
vt 0.010417 0.000000
vt 0.000000 0.406250
vt 0.000000 0.812500
vt 0.000000 0.375000
vt 0.000000 0.781250
vt 0.000000 0.343750
vt 0.000000 0.750000
vt 0.000000 0.312500
vt 0.000000 0.718750
vt 0.000000 0.281250
vt 1.000000 0.593750
vt 1.000000 0.625000
vt 0.979167 0.625000
vt 0.979167 0.593750
vt 1.000000 0.156250
vt 1.000000 0.187500
vt 0.979167 0.187500
vt 0.979167 0.156250
vt 1.000000 0.562500
vt 0.979167 0.562500
vt 1.000000 0.968750
vt 0.989583 1.000000
vt 0.979167 0.968750
vt 1.000000 0.125000
vt 0.979167 0.125000
vt 1.000000 0.531250
vt 0.979167 0.531250
vt 1.000000 0.937500
vt 0.979167 0.937500
vt 1.000000 0.093750
vt 0.979167 0.093750
vt 1.000000 0.500000
vt 0.979167 0.500000
vt 1.000000 0.906250
vt 0.979167 0.906250
vt 1.000000 0.062500
vt 0.979167 0.062500
vt 1.000000 0.468750
vt 0.979167 0.468750
vt 1.000000 0.875000
vt 0.979167 0.875000
vt 1.000000 0.031250
vt 0.979167 0.031250
vt 1.000000 0.437500
vt 0.979167 0.437500
vt 1.000000 0.843750
vt 0.979167 0.843750
vt 0.989583 0.000000
vt 1.000000 0.406250
vt 0.979167 0.406250
vt 1.000000 0.812500
vt 0.979167 0.812500
vt 1.000000 0.375000
vt 0.979167 0.375000
vt 1.000000 0.781250
vt 0.979167 0.781250
vt 1.000000 0.343750
vt 0.979167 0.343750
vt 1.000000 0.750000
vt 0.979167 0.750000
vt 1.000000 0.312500
vt 0.979167 0.312500
vt 1.000000 0.718750
vt 0.979167 0.718750
vt 1.000000 0.281250
vt 0.979167 0.281250
vt 1.000000 0.687500
vt 0.979167 0.687500
vt 1.000000 0.250000
vt 0.979167 0.250000
vt 1.000000 0.656250
vt 0.979167 0.656250
vt 1.000000 0.218750
vt 0.979167 0.218750
vt 0.958333 0.562500
vt 0.958333 0.531250
vt 0.958333 0.968750
vt 0.958333 0.937500
vt 0.958333 0.125000
vt 0.958333 0.093750
vt 0.958333 0.500000
vt 0.958333 0.906250
vt 0.958333 0.062500
vt 0.958333 0.468750
vt 0.958333 0.875000
vt 0.958333 0.031250
vt 0.958333 0.437500
vt 0.958333 0.843750
vt 0.968750 0.000000
vt 0.958333 0.406250
vt 0.958333 0.812500
vt 0.958333 0.375000
vt 0.958333 0.781250
vt 0.958333 0.343750
vt 0.958333 0.750000
vt 0.958333 0.312500
vt 0.958333 0.718750
vt 0.958333 0.281250
vt 0.958333 0.687500
vt 0.958333 0.250000
vt 0.958333 0.656250
vt 0.958333 0.218750
vt 0.958333 0.625000
vt 0.958333 0.187500
vt 0.958333 0.593750
vt 0.958333 0.156250
vt 0.968750 1.000000
vt 0.937500 0.500000
vt 0.937500 0.468750
vt 0.937500 0.906250
vt 0.937500 0.875000
vt 0.937500 0.062500
vt 0.937500 0.031250
vt 0.937500 0.437500
vt 0.937500 0.843750
vt 0.947917 0.000000
vt 0.937500 0.406250
vt 0.937500 0.812500
vt 0.937500 0.375000
vt 0.937500 0.781250
vt 0.937500 0.343750
vt 0.937500 0.750000
vt 0.937500 0.312500
vt 0.937500 0.718750
vt 0.937500 0.281250
vt 0.937500 0.687500
vt 0.937500 0.250000
vt 0.937500 0.656250
vt 0.937500 0.218750
vt 0.937500 0.625000
vt 0.937500 0.187500
vt 0.937500 0.593750
vt 0.937500 0.156250
vt 0.937500 0.562500
vt 0.947917 1.000000
vt 0.937500 0.968750
vt 0.937500 0.125000
vt 0.937500 0.531250
vt 0.937500 0.937500
vt 0.937500 0.093750
vt 0.916667 0.437500
vt 0.916667 0.406250
vt 0.916667 0.843750
vt 0.916667 0.812500
vt 0.916667 0.375000
vt 0.916667 0.781250
vt 0.916667 0.343750
vt 0.916667 0.750000
vt 0.916667 0.312500
vt 0.916667 0.718750
vt 0.916667 0.281250
vt 0.916667 0.687500
vt 0.916667 0.250000
vt 0.916667 0.656250
vt 0.916667 0.218750
vt 0.916667 0.625000
vt 0.916667 0.187500
vt 0.916667 0.593750
vt 0.916667 0.156250
vt 0.916667 0.562500
vt 0.927083 1.000000
vt 0.916667 0.968750
vt 0.916667 0.125000
vt 0.916667 0.531250
vt 0.916667 0.937500
vt 0.916667 0.093750
vt 0.916667 0.500000
vt 0.916667 0.906250
vt 0.916667 0.062500
vt 0.916667 0.468750
vt 0.916667 0.875000
vt 0.916667 0.031250
vt 0.927083 0.000000
vt 0.895833 0.375000
vt 0.895833 0.343750
vt 0.895833 0.781250
vt 0.895833 0.750000
vt 0.895833 0.312500
vt 0.895833 0.718750
vt 0.895833 0.281250
vt 0.895833 0.687500
vt 0.895833 0.250000
vt 0.895833 0.656250
vt 0.895833 0.218750
vt 0.895833 0.625000
vt 0.895833 0.187500
vt 0.895833 0.593750
vt 0.895833 0.156250
vt 0.895833 0.562500
vt 0.906250 1.000000
vt 0.895833 0.968750
vt 0.895833 0.125000
vt 0.895833 0.531250
vt 0.895833 0.937500
vt 0.895833 0.093750
vt 0.895833 0.500000
vt 0.895833 0.906250
vt 0.895833 0.062500
vt 0.895833 0.468750
vt 0.895833 0.875000
vt 0.895833 0.031250
vt 0.895833 0.437500
vt 0.895833 0.843750
vt 0.906250 0.000000
vt 0.895833 0.406250
vt 0.895833 0.812500
vt 0.875000 0.312500
vt 0.875000 0.281250
vt 0.875000 0.718750
vt 0.875000 0.687500
vt 0.875000 0.250000
vt 0.875000 0.656250
vt 0.875000 0.218750
vt 0.875000 0.625000
vt 0.875000 0.187500
vt 0.875000 0.593750
vt 0.875000 0.156250
vt 0.875000 0.562500
vt 0.885417 1.000000
vt 0.875000 0.968750
vt 0.875000 0.125000
vt 0.875000 0.531250
vt 0.875000 0.937500
vt 0.875000 0.093750
vt 0.875000 0.500000
vt 0.875000 0.906250
vt 0.875000 0.062500
vt 0.875000 0.468750
vt 0.875000 0.875000
vt 0.875000 0.031250
vt 0.875000 0.437500
vt 0.875000 0.843750
vt 0.885417 0.000000
vt 0.875000 0.406250
vt 0.875000 0.812500
vt 0.875000 0.375000
vt 0.875000 0.781250
vt 0.875000 0.343750
vt 0.875000 0.750000
vt 0.854167 0.250000
vt 0.854167 0.218750
vt 0.854167 0.656250
vt 0.854167 0.625000
vt 0.854167 0.187500
vt 0.854167 0.593750
vt 0.854167 0.156250
vt 0.854167 0.562500
vt 0.864583 1.000000
vt 0.854167 0.968750
vt 0.854167 0.125000
vt 0.854167 0.531250
vt 0.854167 0.937500
vt 0.854167 0.093750
vt 0.854167 0.500000
vt 0.854167 0.906250
vt 0.854167 0.062500
vt 0.854167 0.468750
vt 0.854167 0.875000
vt 0.854167 0.031250
vt 0.854167 0.437500
vt 0.854167 0.843750
vt 0.864583 0.000000
vt 0.854167 0.406250
vt 0.854167 0.812500
vt 0.854167 0.375000
vt 0.854167 0.781250
vt 0.854167 0.343750
vt 0.854167 0.750000
vt 0.854167 0.312500
vt 0.854167 0.718750
vt 0.854167 0.281250
vt 0.854167 0.687500
vt 0.833333 0.187500
vt 0.833333 0.156250
vt 0.833333 0.593750
vt 0.833333 0.562500
vt 0.843750 1.000000
vt 0.833333 0.968750
vt 0.833333 0.125000
vt 0.833333 0.531250
vt 0.833333 0.937500
vt 0.833333 0.093750
vt 0.833333 0.500000
vt 0.833333 0.906250
vt 0.833333 0.062500
vt 0.833333 0.468750
vt 0.833333 0.875000
vt 0.833333 0.031250
vt 0.833333 0.437500
vt 0.833333 0.843750
vt 0.843750 0.000000
vt 0.833333 0.406250
vt 0.833333 0.812500
vt 0.833333 0.375000
vt 0.833333 0.781250
vt 0.833333 0.343750
vt 0.833333 0.750000
vt 0.833333 0.312500
vt 0.833333 0.718750
vt 0.833333 0.281250
vt 0.833333 0.687500
vt 0.833333 0.250000
vt 0.833333 0.656250
vt 0.833333 0.218750
vt 0.833333 0.625000
vt 0.812500 0.125000
vt 0.812500 0.093750
vt 0.812500 0.531250
vt 0.812500 0.500000
vt 0.812500 0.937500
vt 0.812500 0.906250
vt 0.812500 0.062500
vt 0.812500 0.468750
vt 0.812500 0.875000
vt 0.812500 0.031250
vt 0.812500 0.437500
vt 0.812500 0.843750
vt 0.822917 0.000000
vt 0.812500 0.406250
vt 0.812500 0.812500
vt 0.812500 0.375000
vt 0.812500 0.781250
vt 0.812500 0.343750
vt 0.812500 0.750000
vt 0.812500 0.312500
vt 0.812500 0.718750
vt 0.812500 0.281250
vt 0.812500 0.687500
vt 0.812500 0.250000
vt 0.812500 0.656250
vt 0.812500 0.218750
vt 0.812500 0.625000
vt 0.812500 0.187500
vt 0.812500 0.593750
vt 0.812500 0.156250
vt 0.812500 0.562500
vt 0.822917 1.000000
vt 0.812500 0.968750
vt 0.791667 0.062500
vt 0.791667 0.031250
vt 0.791667 0.468750
vt 0.791667 0.437500
vt 0.791667 0.875000
vt 0.791667 0.843750
vt 0.802083 0.000000
vt 0.791667 0.406250
vt 0.791667 0.812500
vt 0.791667 0.375000
vt 0.791667 0.781250
vt 0.791667 0.343750
vt 0.791667 0.750000
vt 0.791667 0.312500
vt 0.791667 0.718750
vt 0.791667 0.281250
vt 0.791667 0.687500
vt 0.791667 0.250000
vt 0.791667 0.656250
vt 0.791667 0.218750
vt 0.791667 0.625000
vt 0.791667 0.187500
vt 0.791667 0.593750
vt 0.791667 0.156250
vt 0.791667 0.562500
vt 0.802083 1.000000
vt 0.791667 0.968750
vt 0.791667 0.125000
vt 0.791667 0.531250
vt 0.791667 0.937500
vt 0.791667 0.093750
vt 0.791667 0.500000
vt 0.791667 0.906250
vt 0.770833 0.406250
vt 0.770833 0.375000
vt 0.770833 0.812500
vt 0.770833 0.781250
vt 0.770833 0.343750
vt 0.770833 0.750000
vt 0.770833 0.312500
vt 0.770833 0.718750
vt 0.770833 0.281250
vt 0.770833 0.687500
vt 0.770833 0.250000
vt 0.770833 0.656250
vt 0.770833 0.218750
vt 0.770833 0.625000
vt 0.770833 0.187500
vt 0.770833 0.593750
vt 0.770833 0.156250
vt 0.770833 0.562500
vt 0.781250 1.000000
vt 0.770833 0.968750
vt 0.770833 0.125000
vt 0.770833 0.531250
vt 0.770833 0.937500
vt 0.770833 0.093750
vt 0.770833 0.500000
vt 0.770833 0.906250
vt 0.770833 0.062500
vt 0.770833 0.468750
vt 0.770833 0.875000
vt 0.770833 0.031250
vt 0.770833 0.437500
vt 0.770833 0.843750
vt 0.781250 0.000000
vt 0.760417 1.000000
vt 0.760417 0.000000
vt 0.968750 0.500000
vt 1.000000 1.000000
vt 0.937500 1.000000
vt 0.906250 0.500000
vt 0.875000 1.000000
vt 0.843750 0.500000
vt 0.812500 1.000000
vt 0.781250 0.500000
vt 0.750000 0.500000
vt 0.750000 1.000000
vt 0.718750 0.500000
vt 0.687500 1.000000
vt 0.656250 0.500000
vt 0.625000 1.000000
vt 0.593750 0.500000
vt 0.562500 1.000000
vt 0.531250 0.500000
vt 0.500000 1.000000
vt 0.468750 0.500000
vt 0.437500 1.000000
vt 0.406250 0.500000
vt 0.375000 1.000000
vt 0.343750 0.500000
vt 0.312500 1.000000
vt 0.281250 0.500000
vt 0.250000 1.000000
vt 0.218750 0.500000
vt 0.187500 1.000000
vt 0.156250 0.500000
vt 0.156250 1.000000
vt 0.125000 1.000000
vt 0.093750 0.500000
vt 0.062500 0.500000
vt 0.062500 1.000000
vt 0.158156 0.471731
vt 0.203178 0.485388
vt 0.250000 0.490000
vt 0.296822 0.485388
vt 0.341844 0.471731
vt 0.383337 0.449553
vt 0.419706 0.419706
vt 0.449553 0.383337
vt 0.471731 0.341844
vt 0.485388 0.296822
vt 0.490000 0.250000
vt 0.485388 0.203178
vt 0.471731 0.158156
vt 0.449553 0.116663
vt 0.419706 0.080294
vt 0.383337 0.050447
vt 0.341844 0.028269
vt 0.296822 0.014612
vt 0.250000 0.010000
vt 0.203178 0.014612
vt 0.158156 0.028269
vt 0.116663 0.050447
vt 0.080294 0.080294
vt 0.050447 0.116663
vt 0.028269 0.158156
vt 0.014612 0.203178
vt 0.010000 0.250000
vt 0.014612 0.296822
vt 0.028269 0.341844
vt 0.050447 0.383337
vt 0.080294 0.419706
vt 0.116663 0.449553
vt 0.031250 0.500000
vt 0.000000 1.000000
vt 0.616663 0.449553
vt 0.580294 0.419706
vt 0.550447 0.383337
vt 0.528269 0.341844
vt 0.514612 0.296822
vt 0.510000 0.250000
vt 0.514612 0.203178
vt 0.528269 0.158156
vt 0.550447 0.116663
vt 0.580294 0.080294
vt 0.616663 0.050447
vt 0.658156 0.028269
vt 0.703178 0.014612
vt 0.750000 0.010000
vt 0.796822 0.014612
vt 0.841844 0.028269
vt 0.883337 0.050447
vt 0.919706 0.080294
vt 0.949553 0.116663
vt 0.971731 0.158156
vt 0.985388 0.203178
vt 0.990000 0.250000
vt 0.985388 0.296822
vt 0.971731 0.341844
vt 0.949553 0.383337
vt 0.919706 0.419706
vt 0.883337 0.449553
vt 0.841844 0.471731
vt 0.796822 0.485388
vt 0.750000 0.490000
vt 0.703178 0.485388
vt 0.658156 0.471731
s 1
usemtl Mat_Ball_Ankara
f 57/1/36 1676/2/1548 192/3/96 194/4/97
f 1681/5/1553 131/6/81 220/7/110 222/8/111
f 70/9/44 57/1/36 194/4/97 195/10/98
f 133/11/82 1681/5/1553 222/8/111 224/12/112
f 75/13/47 70/9/44 195/10/98 197/14/99
f 8/15/5 493/16/365 151/17/86
f 1682/18/1554 133/11/82 224/12/112 226/19/113
f 1677/20/1549 75/13/47 197/14/99 199/21/100
f 1673/22/1545 8/15/5 151/17/86 153/23/87
f 139/24/83 1682/18/1554 226/19/113 228/25/114
f 1678/26/1550 1677/20/1549 199/21/100 201/27/101
f 15/28/9 1673/22/1545 153/23/87 158/29/88
f 144/30/84 139/24/83 228/25/114 230/31/115
f 81/32/51 1678/26/1550 201/27/101 203/33/102
f 1674/34/1546 15/28/9 158/29/88 163/35/89
f 147/36/85 144/30/84 230/31/115 232/37/116
f 94/38/59 81/32/51 203/33/102 206/39/103
f 1675/40/1547 1674/34/1546 163/35/89 167/41/90
f 959/42/831 147/36/85 232/37/116
f 102/43/64 94/38/59 206/39/103 208/44/104
f 21/45/13 1675/40/1547 167/41/90 169/46/91
f 111/47/69 102/43/64 208/44/104 209/48/105
f 30/49/19 21/45/13 169/46/91 173/50/92
f 1679/51/1551 111/47/69 209/48/105 212/52/106
f 38/53/24 30/49/19 173/50/92 180/54/93
f 1680/55/1552 1679/51/1551 212/52/106 214/56/107
f 47/57/29 38/53/24 180/54/93 183/58/94
f 114/59/72 1680/55/1552 214/56/107 215/60/108
f 55/61/34 47/57/29 183/58/94 186/62/95
f 126/63/79 114/59/72 215/60/108 218/64/109
f 1676/2/1548 55/61/34 186/62/95 192/3/96
f 131/6/81 126/63/79 218/64/109 220/7/110
f 209/48/105 208/44/104 263/65/135 264/66/136
f 173/50/92 169/46/91 244/67/122 245/68/123
f 212/52/106 209/48/105 264/66/136 265/69/137
f 180/54/93 173/50/92 245/68/123 248/70/124
f 214/56/107 212/52/106 265/69/137 266/71/138
f 183/58/94 180/54/93 248/70/124 249/72/125
f 215/60/108 214/56/107 266/71/138 267/73/139
f 186/62/95 183/58/94 249/72/125 251/74/126
f 218/64/109 215/60/108 267/73/139 268/75/140
f 192/3/96 186/62/95 251/74/126 254/76/127
f 220/7/110 218/64/109 268/75/140 269/77/141
f 194/4/97 192/3/96 254/76/127 255/78/128
f 222/8/111 220/7/110 269/77/141 270/79/142
f 195/10/98 194/4/97 255/78/128 257/80/129
f 224/12/112 222/8/111 270/79/142 271/81/143
f 197/14/99 195/10/98 257/80/129 258/82/130
f 151/17/86 493/83/365 234/84/117
f 226/19/113 224/12/112 271/81/143 272/85/144
f 199/21/100 197/14/99 258/82/130 259/86/131
f 153/23/87 151/17/86 234/84/117 235/87/118
f 228/25/114 226/19/113 272/85/144 273/88/145
f 201/27/101 199/21/100 259/86/131 260/89/132
f 158/29/88 153/23/87 235/87/118 237/90/119
f 230/31/115 228/25/114 273/88/145 274/91/146
f 203/33/102 201/27/101 260/89/132 261/92/133
f 163/35/89 158/29/88 237/90/119 239/93/120
f 232/37/116 230/31/115 274/91/146 275/94/147
f 206/39/103 203/33/102 261/92/133 262/95/134
f 167/41/90 163/35/89 239/93/120 241/96/121
f 959/97/831 232/37/116 275/94/147
f 208/44/104 206/39/103 262/95/134 263/65/135
f 169/46/91 167/41/90 241/96/121 244/67/122
f 266/71/138 265/69/137 296/98/168 297/99/169
f 249/72/125 248/70/124 283/100/155 284/101/156
f 267/73/139 266/71/138 297/99/169 298/102/170
f 251/74/126 249/72/125 284/101/156 285/103/157
f 268/75/140 267/73/139 298/102/170 299/104/171
f 254/76/127 251/74/126 285/103/157 286/105/158
f 269/77/141 268/75/140 299/104/171 300/106/172
f 255/78/128 254/76/127 286/105/158 287/107/159
f 270/79/142 269/77/141 300/106/172 301/108/173
f 257/80/129 255/78/128 287/107/159 288/109/160
f 271/81/143 270/79/142 301/108/173 302/110/174
f 258/82/130 257/80/129 288/109/160 289/111/161
f 234/84/117 493/112/365 276/113/148
f 272/85/144 271/81/143 302/110/174 303/114/175
f 259/86/131 258/82/130 289/111/161 290/115/162
f 235/87/118 234/84/117 276/113/148 277/116/149
f 273/88/145 272/85/144 303/114/175 304/117/176
f 260/89/132 259/86/131 290/115/162 291/118/163
f 237/90/119 235/87/118 277/116/149 278/119/150
f 274/91/146 273/88/145 304/117/176 305/120/177
f 261/92/133 260/89/132 291/118/163 292/121/164
f 239/93/120 237/90/119 278/119/150 279/122/151
f 275/94/147 274/91/146 305/120/177 306/123/178
f 262/95/134 261/92/133 292/121/164 293/124/165
f 241/96/121 239/93/120 279/122/151 280/125/152
f 959/126/831 275/94/147 306/123/178
f 263/65/135 262/95/134 293/124/165 294/127/166
f 244/67/122 241/96/121 280/125/152 281/128/153
f 264/66/136 263/65/135 294/127/166 295/129/167
f 245/68/123 244/67/122 281/128/153 282/130/154
f 265/69/137 264/66/136 295/129/167 296/98/168
f 248/70/124 245/68/123 282/130/154 283/100/155
f 299/104/171 298/102/170 329/131/201 330/132/202
f 286/105/158 285/103/157 316/133/188 317/134/189
f 300/106/172 299/104/171 330/132/202 331/135/203
f 287/107/159 286/105/158 317/134/189 318/136/190
f 301/108/173 300/106/172 331/135/203 332/137/204
f 288/109/160 287/107/159 318/136/190 319/138/191
f 302/110/174 301/108/173 332/137/204 333/139/205
f 289/111/161 288/109/160 319/138/191 320/140/192
f 276/113/148 493/141/365 307/142/179
f 303/114/175 302/110/174 333/139/205 334/143/206
f 290/115/162 289/111/161 320/140/192 321/144/193
f 277/116/149 276/113/148 307/142/179 308/145/180
f 304/117/176 303/114/175 334/143/206 335/146/207
f 291/118/163 290/115/162 321/144/193 322/147/194
f 278/119/150 277/116/149 308/145/180 309/148/181
f 305/120/177 304/117/176 335/146/207 336/149/208
f 292/121/164 291/118/163 322/147/194 323/150/195
f 279/122/151 278/119/150 309/148/181 310/151/182
f 306/123/178 305/120/177 336/149/208 337/152/209
f 293/124/165 292/121/164 323/150/195 324/153/196
f 280/125/152 279/122/151 310/151/182 311/154/183
f 959/155/831 306/123/178 337/152/209
f 294/127/166 293/124/165 324/153/196 325/156/197
f 281/128/153 280/125/152 311/154/183 312/157/184
f 295/129/167 294/127/166 325/156/197 326/158/198
f 282/130/154 281/128/153 312/157/184 313/159/185
f 296/98/168 295/129/167 326/158/198 327/160/199
f 283/100/155 282/130/154 313/159/185 314/161/186
f 297/99/169 296/98/168 327/160/199 328/162/200
f 284/101/156 283/100/155 314/161/186 315/163/187
f 298/102/170 297/99/169 328/162/200 329/131/201
f 285/103/157 284/101/156 315/163/187 316/133/188
f 332/137/204 331/135/203 362/164/234 363/165/235
f 319/138/191 318/136/190 349/166/221 350/167/222
f 333/139/205 332/137/204 363/165/235 364/168/236
f 320/140/192 319/138/191 350/167/222 351/169/223
f 307/142/179 493/170/365 338/171/210
f 334/143/206 333/139/205 364/168/236 365/172/237
f 321/144/193 320/140/192 351/169/223 352/173/224
f 308/145/180 307/142/179 338/171/210 339/174/211
f 335/146/207 334/143/206 365/172/237 366/175/238
f 322/147/194 321/144/193 352/173/224 353/176/225
f 309/148/181 308/145/180 339/174/211 340/177/212
f 336/149/208 335/146/207 366/175/238 367/178/239
f 323/150/195 322/147/194 353/176/225 354/179/226
f 310/151/182 309/148/181 340/177/212 341/180/213
f 337/152/209 336/149/208 367/178/239 368/181/240
f 324/153/196 323/150/195 354/179/226 355/182/227
f 311/154/183 310/151/182 341/180/213 342/183/214
f 959/184/831 337/152/209 368/181/240
f 325/156/197 324/153/196 355/182/227 356/185/228
f 312/157/184 311/154/183 342/183/214 343/186/215
f 326/158/198 325/156/197 356/185/228 357/187/229
f 313/159/185 312/157/184 343/186/215 344/188/216
f 327/160/199 326/158/198 357/187/229 358/189/230
f 314/161/186 313/159/185 344/188/216 345/190/217
f 328/162/200 327/160/199 358/189/230 359/191/231
f 315/163/187 314/161/186 345/190/217 346/192/218
f 329/131/201 328/162/200 359/191/231 360/193/232
f 316/133/188 315/163/187 346/192/218 347/194/219
f 330/132/202 329/131/201 360/193/232 361/195/233
f 317/134/189 316/133/188 347/194/219 348/196/220
f 331/135/203 330/132/202 361/195/233 362/164/234
f 318/136/190 317/134/189 348/196/220 349/166/221
f 365/172/237 364/168/236 395/197/267 396/198/268
f 352/173/224 351/169/223 382/199/254 383/200/255
f 339/174/211 338/171/210 369/201/241 370/202/242
f 366/175/238 365/172/237 396/198/268 397/203/269
f 353/176/225 352/173/224 383/200/255 384/204/256
f 340/177/212 339/174/211 370/202/242 371/205/243
f 367/178/239 366/175/238 397/203/269 398/206/270
f 354/179/226 353/176/225 384/204/256 385/207/257
f 341/180/213 340/177/212 371/205/243 372/208/244
f 368/181/240 367/178/239 398/206/270 399/209/271
f 355/182/227 354/179/226 385/207/257 386/210/258
f 342/183/214 341/180/213 372/208/244 373/211/245
f 959/212/831 368/181/240 399/209/271
f 356/185/228 355/182/227 386/210/258 387/213/259
f 343/186/215 342/183/214 373/211/245 374/214/246
f 357/187/229 356/185/228 387/213/259 388/215/260
f 344/188/216 343/186/215 374/214/246 375/216/247
f 358/189/230 357/187/229 388/215/260 389/217/261
f 345/190/217 344/188/216 375/216/247 376/218/248
f 359/191/231 358/189/230 389/217/261 390/219/262
f 346/192/218 345/190/217 376/218/248 377/220/249
f 360/193/232 359/191/231 390/219/262 391/221/263
f 347/194/219 346/192/218 377/220/249 378/222/250
f 361/195/233 360/193/232 391/221/263 392/223/264
f 348/196/220 347/194/219 378/222/250 379/224/251
f 362/164/234 361/195/233 392/223/264 393/225/265
f 349/166/221 348/196/220 379/224/251 380/226/252
f 363/165/235 362/164/234 393/225/265 394/227/266
f 350/167/222 349/166/221 380/226/252 381/228/253
f 364/168/236 363/165/235 394/227/266 395/197/267
f 351/169/223 350/167/222 381/228/253 382/199/254
f 338/171/210 493/229/365 369/201/241
f 398/206/270 397/203/269 428/230/300 429/231/301
f 385/207/257 384/204/256 415/232/287 416/233/288
f 372/208/244 371/205/243 402/234/274 403/235/275
f 399/209/271 398/206/270 429/231/301 430/236/302
f 386/210/258 385/207/257 416/233/288 417/237/289
f 373/211/245 372/208/244 403/235/275 404/238/276
f 959/239/831 399/209/271 430/236/302
f 387/213/259 386/210/258 417/237/289 418/240/290
f 374/214/246 373/211/245 404/238/276 405/241/277
f 388/215/260 387/213/259 418/240/290 419/242/291
f 375/216/247 374/214/246 405/241/277 406/243/278
f 389/217/261 388/215/260 419/242/291 420/244/292
f 376/218/248 375/216/247 406/243/278 407/245/279
f 390/219/262 389/217/261 420/244/292 421/246/293
f 377/220/249 376/218/248 407/245/279 408/247/280
f 391/221/263 390/219/262 421/246/293 422/248/294
f 378/222/250 377/220/249 408/247/280 409/249/281
f 392/223/264 391/221/263 422/248/294 423/250/295
f 379/224/251 378/222/250 409/249/281 410/251/282
f 393/225/265 392/223/264 423/250/295 424/252/296
f 380/226/252 379/224/251 410/251/282 411/253/283
f 394/227/266 393/225/265 424/252/296 425/254/297
f 381/228/253 380/226/252 411/253/283 412/255/284
f 395/197/267 394/227/266 425/254/297 426/256/298
f 382/199/254 381/228/253 412/255/284 413/257/285
f 369/201/241 493/258/365 400/259/272
f 396/198/268 395/197/267 426/256/298 427/260/299
f 383/200/255 382/199/254 413/257/285 414/261/286
f 370/202/242 369/201/241 400/259/272 401/262/273
f 397/203/269 396/198/268 427/260/299 428/230/300
f 384/204/256 383/200/255 414/261/286 415/232/287
f 371/205/243 370/202/242 401/262/273 402/234/274
f 959/263/831 430/236/302 461/264/333
f 418/240/290 417/237/289 448/265/320 449/266/321
f 405/241/277 404/238/276 435/267/307 436/268/308
f 419/242/291 418/240/290 449/266/321 450/269/322
f 406/243/278 405/241/277 436/268/308 437/270/309
f 420/244/292 419/242/291 450/269/322 451/271/323
f 407/245/279 406/243/278 437/270/309 438/272/310
f 421/246/293 420/244/292 451/271/323 452/273/324
f 408/247/280 407/245/279 438/272/310 439/274/311
f 422/248/294 421/246/293 452/273/324 453/275/325
f 409/249/281 408/247/280 439/274/311 440/276/312
f 423/250/295 422/248/294 453/275/325 454/277/326
f 410/251/282 409/249/281 440/276/312 441/278/313
f 424/252/296 423/250/295 454/277/326 455/279/327
f 411/253/283 410/251/282 441/278/313 442/280/314
f 425/254/297 424/252/296 455/279/327 456/281/328
f 412/255/284 411/253/283 442/280/314 443/282/315
f 426/256/298 425/254/297 456/281/328 457/283/329
f 413/257/285 412/255/284 443/282/315 444/284/316
f 400/259/272 493/285/365 431/286/303
f 427/260/299 426/256/298 457/283/329 458/287/330
f 414/261/286 413/257/285 444/284/316 445/288/317
f 401/262/273 400/259/272 431/286/303 432/289/304
f 428/230/300 427/260/299 458/287/330 459/290/331
f 415/232/287 414/261/286 445/288/317 446/291/318
f 402/234/274 401/262/273 432/289/304 433/292/305
f 429/231/301 428/230/300 459/290/331 460/293/332
f 416/233/288 415/232/287 446/291/318 447/294/319
f 403/235/275 402/234/274 433/292/305 434/295/306
f 430/236/302 429/231/301 460/293/332 461/264/333
f 417/237/289 416/233/288 447/294/319 448/265/320
f 404/238/276 403/235/275 434/295/306 435/267/307
f 451/271/323 450/269/322 481/296/353 482/297/354
f 438/272/310 437/270/309 468/298/340 469/299/341
f 452/273/324 451/271/323 482/297/354 483/300/355
f 439/274/311 438/272/310 469/299/341 470/301/342
f 453/275/325 452/273/324 483/300/355 484/302/356
f 440/276/312 439/274/311 470/301/342 471/303/343
f 454/277/326 453/275/325 484/302/356 485/304/357
f 441/278/313 440/276/312 471/303/343 472/305/344
f 455/279/327 454/277/326 485/304/357 486/306/358
f 442/280/314 441/278/313 472/305/344 473/307/345
f 456/281/328 455/279/327 486/306/358 487/308/359
f 443/282/315 442/280/314 473/307/345 474/309/346
f 457/283/329 456/281/328 487/308/359 488/310/360
f 444/284/316 443/282/315 474/309/346 475/311/347
f 431/286/303 493/312/365 462/313/334
f 458/287/330 457/283/329 488/310/360 489/314/361
f 445/288/317 444/284/316 475/311/347 476/315/348
f 432/289/304 431/286/303 462/313/334 463/316/335
f 459/290/331 458/287/330 489/314/361 490/317/362
f 446/291/318 445/288/317 476/315/348 477/318/349
f 433/292/305 432/289/304 463/316/335 464/319/336
f 460/293/332 459/290/331 490/317/362 491/320/363
f 447/294/319 446/291/318 477/318/349 478/321/350
f 434/295/306 433/292/305 464/319/336 465/322/337
f 461/264/333 460/293/332 491/320/363 492/323/364
f 448/265/320 447/294/319 478/321/350 479/324/351
f 435/267/307 434/295/306 465/322/337 466/325/338
f 959/326/831 461/264/333 492/323/364
f 449/266/321 448/265/320 479/324/351 480/327/352
f 436/268/308 435/267/307 466/325/338 467/328/339
f 450/269/322 449/266/321 480/327/352 481/296/353
f 437/270/309 436/268/308 467/328/339 468/298/340
f 484/302/356 483/300/355 515/329/387 516/330/388
f 471/303/343 470/301/342 502/331/374 503/332/375
f 485/304/357 484/302/356 516/330/388 517/333/389
f 472/305/344 471/303/343 503/332/375 504/334/376
f 486/306/358 485/304/357 517/333/389 518/335/390
f 473/307/345 472/305/344 504/334/376 505/336/377
f 487/308/359 486/306/358 518/335/390 519/337/391
f 474/309/346 473/307/345 505/336/377 506/338/378
f 488/310/360 487/308/359 519/337/391 520/339/392
f 475/311/347 474/309/346 506/338/378 507/340/379
f 462/313/334 493/341/365 494/342/366
f 489/314/361 488/310/360 520/339/392 521/343/393
f 476/315/348 475/311/347 507/340/379 508/344/380
f 463/316/335 462/313/334 494/342/366 495/345/367
f 490/317/362 489/314/361 521/343/393 522/346/394
f 477/318/349 476/315/348 508/344/380 509/347/381
f 464/319/336 463/316/335 495/345/367 496/348/368
f 491/320/363 490/317/362 522/346/394 523/349/395
f 478/321/350 477/318/349 509/347/381 510/350/382
f 465/322/337 464/319/336 496/348/368 497/351/369
f 492/323/364 491/320/363 523/349/395 524/352/396
f 479/324/351 478/321/350 510/350/382 511/353/383
f 466/325/338 465/322/337 497/351/369 498/354/370
f 959/355/831 492/323/364 524/352/396
f 480/327/352 479/324/351 511/353/383 512/356/384
f 467/328/339 466/325/338 498/354/370 499/357/371
f 481/296/353 480/327/352 512/356/384 513/358/385
f 468/298/340 467/328/339 499/357/371 500/359/372
f 482/297/354 481/296/353 513/358/385 514/360/386
f 469/299/341 468/298/340 500/359/372 501/361/373
f 483/300/355 482/297/354 514/360/386 515/329/387
f 470/301/342 469/299/341 501/361/373 502/331/374
f 518/335/390 517/333/389 548/362/420 549/363/421
f 505/336/377 504/334/376 535/364/407 536/365/408
f 519/337/391 518/335/390 549/363/421 550/366/422
f 506/338/378 505/336/377 536/365/408 537/367/409
f 520/339/392 519/337/391 550/366/422 551/368/423
f 507/340/379 506/338/378 537/367/409 538/369/410
f 494/342/366 493/370/365 525/371/397
f 521/343/393 520/339/392 551/368/423 552/372/424
f 508/344/380 507/340/379 538/369/410 539/373/411
f 495/345/367 494/342/366 525/371/397 526/374/398
f 522/346/394 521/343/393 552/372/424 553/375/425
f 509/347/381 508/344/380 539/373/411 540/376/412
f 496/348/368 495/345/367 526/374/398 527/377/399
f 523/349/395 522/346/394 553/375/425 554/378/426
f 510/350/382 509/347/381 540/376/412 541/379/413
f 497/351/369 496/348/368 527/377/399 528/380/400
f 524/352/396 523/349/395 554/378/426 555/381/427
f 511/353/383 510/350/382 541/379/413 542/382/414
f 498/354/370 497/351/369 528/380/400 529/383/401
f 959/384/831 524/352/396 555/381/427
f 512/356/384 511/353/383 542/382/414 543/385/415
f 499/357/371 498/354/370 529/383/401 530/386/402
f 513/358/385 512/356/384 543/385/415 544/387/416
f 500/359/372 499/357/371 530/386/402 531/388/403
f 514/360/386 513/358/385 544/387/416 545/389/417
f 501/361/373 500/359/372 531/388/403 532/390/404
f 515/329/387 514/360/386 545/389/417 546/391/418
f 502/331/374 501/361/373 532/390/404 533/392/405
f 516/330/388 515/329/387 546/391/418 547/393/419
f 503/332/375 502/331/374 533/392/405 534/394/406
f 517/333/389 516/330/388 547/393/419 548/362/420
f 504/334/376 503/332/375 534/394/406 535/364/407
f 551/368/423 550/366/422 581/395/453 582/396/454
f 538/369/410 537/367/409 568/397/440 569/398/441
f 525/371/397 493/399/365 556/400/428
f 552/372/424 551/368/423 582/396/454 583/401/455
f 539/373/411 538/369/410 569/398/441 570/402/442
f 526/374/398 525/371/397 556/400/428 557/403/429
f 553/375/425 552/372/424 583/401/455 584/404/456
f 540/376/412 539/373/411 570/402/442 571/405/443
f 527/377/399 526/374/398 557/403/429 558/406/430
f 554/378/426 553/375/425 584/404/456 585/407/457
f 541/379/413 540/376/412 571/405/443 572/408/444
f 528/380/400 527/377/399 558/406/430 559/409/431
f 555/381/427 554/378/426 585/407/457 586/410/458
f 542/382/414 541/379/413 572/408/444 573/411/445
f 529/383/401 528/380/400 559/409/431 560/412/432
f 959/413/831 555/381/427 586/410/458
f 543/385/415 542/382/414 573/411/445 574/414/446
f 530/386/402 529/383/401 560/412/432 561/415/433
f 544/387/416 543/385/415 574/414/446 575/416/447
f 531/388/403 530/386/402 561/415/433 562/417/434
f 545/389/417 544/387/416 575/416/447 576/418/448
f 532/390/404 531/388/403 562/417/434 563/419/435
f 546/391/418 545/389/417 576/418/448 577/420/449
f 533/392/405 532/390/404 563/419/435 564/421/436
f 547/393/419 546/391/418 577/420/449 578/422/450
f 534/394/406 533/392/405 564/421/436 565/423/437
f 548/362/420 547/393/419 578/422/450 579/424/451
f 535/364/407 534/394/406 565/423/437 566/425/438
f 549/363/421 548/362/420 579/424/451 580/426/452
f 536/365/408 535/364/407 566/425/438 567/427/439
f 550/366/422 549/363/421 580/426/452 581/395/453
f 537/367/409 536/365/408 567/427/439 568/397/440
f 557/403/429 556/400/428 587/428/459 588/429/460
f 584/404/456 583/401/455 614/430/486 615/431/487
f 571/405/443 570/402/442 601/432/473 602/433/474
f 558/406/430 557/403/429 588/429/460 589/434/461
f 585/407/457 584/404/456 615/431/487 616/435/488
f 572/408/444 571/405/443 602/433/474 603/436/475
f 559/409/431 558/406/430 589/434/461 590/437/462
f 586/410/458 585/407/457 616/435/488 617/438/489
f 573/411/445 572/408/444 603/436/475 604/439/476
f 560/412/432 559/409/431 590/437/462 591/440/463
f 959/441/831 586/410/458 617/438/489
f 574/414/446 573/411/445 604/439/476 605/442/477
f 561/415/433 560/412/432 591/440/463 592/443/464
f 575/416/447 574/414/446 605/442/477 606/444/478
f 562/417/434 561/415/433 592/443/464 593/445/465
f 576/418/448 575/416/447 606/444/478 607/446/479
f 563/419/435 562/417/434 593/445/465 594/447/466
f 577/420/449 576/418/448 607/446/479 608/448/480
f 564/421/436 563/419/435 594/447/466 595/449/467
f 578/422/450 577/420/449 608/448/480 609/450/481
f 565/423/437 564/421/436 595/449/467 596/451/468
f 579/424/451 578/422/450 609/450/481 610/452/482
f 566/425/438 565/423/437 596/451/468 597/453/469
f 580/426/452 579/424/451 610/452/482 611/454/483
f 567/427/439 566/425/438 597/453/469 598/455/470
f 581/395/453 580/426/452 611/454/483 612/456/484
f 568/397/440 567/427/439 598/455/470 599/457/471
f 582/396/454 581/395/453 612/456/484 613/458/485
f 569/398/441 568/397/440 599/457/471 600/459/472
f 556/400/428 493/460/365 587/428/459
f 583/401/455 582/396/454 613/458/485 614/430/486
f 570/402/442 569/398/441 600/459/472 601/432/473
f 590/437/462 589/434/461 620/461/492 621/462/493
f 617/438/489 616/435/488 647/463/519 648/464/520
f 604/439/476 603/436/475 634/465/506 635/466/507
f 591/440/463 590/437/462 621/462/493 622/467/494
f 959/468/831 617/438/489 648/464/520
f 605/442/477 604/439/476 635/466/507 636/469/508
f 592/443/464 591/440/463 622/467/494 623/470/495
f 606/444/478 605/442/477 636/469/508 637/471/509
f 593/445/465 592/443/464 623/470/495 624/472/496
f 607/446/479 606/444/478 637/471/509 638/473/510
f 594/447/466 593/445/465 624/472/496 625/474/497
f 608/448/480 607/446/479 638/473/510 639/475/511
f 595/449/467 594/447/466 625/474/497 626/476/498
f 609/450/481 608/448/480 639/475/511 640/477/512
f 596/451/468 595/449/467 626/476/498 627/478/499
f 610/452/482 609/450/481 640/477/512 641/479/513
f 597/453/469 596/451/468 627/478/499 628/480/500
f 611/454/483 610/452/482 641/479/513 642/481/514
f 598/455/470 597/453/469 628/480/500 629/482/501
f 612/456/484 611/454/483 642/481/514 643/483/515
f 599/457/471 598/455/470 629/482/501 630/484/502
f 613/458/485 612/456/484 643/483/515 644/485/516
f 600/459/472 599/457/471 630/484/502 631/486/503
f 587/428/459 493/487/365 618/488/490
f 614/430/486 613/458/485 644/485/516 645/489/517
f 601/432/473 600/459/472 631/486/503 632/490/504
f 588/429/460 587/428/459 618/488/490 619/491/491
f 615/431/487 614/430/486 645/489/517 646/492/518
f 602/433/474 601/432/473 632/490/504 633/493/505
f 589/434/461 588/429/460 619/491/491 620/461/492
f 616/435/488 615/431/487 646/492/518 647/463/519
f 603/436/475 602/433/474 633/493/505 634/465/506
f 623/470/495 622/467/494 653/494/525 654/495/526
f 637/471/509 636/469/508 667/496/539 668/497/540
f 624/472/496 623/470/495 654/495/526 655/498/527
f 638/473/510 637/471/509 668/497/540 669/499/541
f 625/474/497 624/472/496 655/498/527 656/500/528
f 639/475/511 638/473/510 669/499/541 670/501/542
f 626/476/498 625/474/497 656/500/528 657/502/529
f 640/477/512 639/475/511 670/501/542 671/503/543
f 627/478/499 626/476/498 657/502/529 658/504/530
f 641/479/513 640/477/512 671/503/543 672/505/544
f 628/480/500 627/478/499 658/504/530 659/506/531
f 642/481/514 641/479/513 672/505/544 673/507/545
f 629/482/501 628/480/500 659/506/531 660/508/532
f 643/483/515 642/481/514 673/507/545 674/509/546
f 630/484/502 629/482/501 660/508/532 661/510/533
f 644/485/516 643/483/515 674/509/546 675/511/547
f 631/486/503 630/484/502 661/510/533 662/512/534
f 618/488/490 493/513/365 649/514/521
f 645/489/517 644/485/516 675/511/547 676/515/548
f 632/490/504 631/486/503 662/512/534 663/516/535
f 619/491/491 618/488/490 649/514/521 650/517/522
f 646/492/518 645/489/517 676/515/548 677/518/549
f 633/493/505 632/490/504 663/516/535 664/519/536
f 620/461/492 619/491/491 650/517/522 651/520/523
f 647/463/519 646/492/518 677/518/549 678/521/550
f 634/465/506 633/493/505 664/519/536 665/522/537
f 621/462/493 620/461/492 651/520/523 652/523/524
f 648/464/520 647/463/519 678/521/550 679/524/551
f 635/466/507 634/465/506 665/522/537 666/525/538
f 622/467/494 621/462/493 652/523/524 653/494/525
f 959/526/831 648/464/520 679/524/551
f 636/469/508 635/466/507 666/525/538 667/496/539
f 656/500/528 655/498/527 686/527/558 687/528/559
f 670/501/542 669/499/541 700/529/572 701/530/573
f 657/502/529 656/500/528 687/528/559 688/531/560
f 671/503/543 670/501/542 701/530/573 702/532/574
f 658/504/530 657/502/529 688/531/560 689/533/561
f 672/505/544 671/503/543 702/532/574 703/534/575
f 659/506/531 658/504/530 689/533/561 690/535/562
f 673/507/545 672/505/544 703/534/575 704/536/576
f 660/508/532 659/506/531 690/535/562 691/537/563
f 674/509/546 673/507/545 704/536/576 705/538/577
f 661/510/533 660/508/532 691/537/563 692/539/564
f 675/511/547 674/509/546 705/538/577 706/540/578
f 662/512/534 661/510/533 692/539/564 693/541/565
f 649/514/521 493/542/365 680/543/552
f 676/515/548 675/511/547 706/540/578 707/544/579
f 663/516/535 662/512/534 693/541/565 694/545/566
f 650/517/522 649/514/521 680/543/552 681/546/553
f 677/518/549 676/515/548 707/544/579 708/547/580
f 664/519/536 663/516/535 694/545/566 695/548/567
f 651/520/523 650/517/522 681/546/553 682/549/554
f 678/521/550 677/518/549 708/547/580 709/550/581
f 665/522/537 664/519/536 695/548/567 696/551/568
f 652/523/524 651/520/523 682/549/554 683/552/555
f 679/524/551 678/521/550 709/550/581 710/553/582
f 666/525/538 665/522/537 696/551/568 697/554/569
f 653/494/525 652/523/524 683/552/555 684/555/556
f 959/556/831 679/524/551 710/553/582
f 667/496/539 666/525/538 697/554/569 698/557/570
f 654/495/526 653/494/525 684/555/556 685/558/557
f 668/497/540 667/496/539 698/557/570 699/559/571
f 655/498/527 654/495/526 685/558/557 686/527/558
f 669/499/541 668/497/540 699/559/571 700/529/572
f 689/533/561 688/531/560 719/560/591 720/561/592
f 703/534/575 702/532/574 733/562/605 734/563/606
f 690/535/562 689/533/561 720/561/592 721/564/593
f 704/536/576 703/534/575 734/563/606 735/565/607
f 691/537/563 690/535/562 721/564/593 722/566/594
f 705/538/577 704/536/576 735/565/607 736/567/608
f 692/539/564 691/537/563 722/566/594 723/568/595
f 706/540/578 705/538/577 736/567/608 737/569/609
f 693/541/565 692/539/564 723/568/595 724/570/596
f 680/543/552 493/571/365 711/572/583
f 707/544/579 706/540/578 737/569/609 738/573/610
f 694/545/566 693/541/565 724/570/596 725/574/597
f 681/546/553 680/543/552 711/572/583 712/575/584
f 708/547/580 707/544/579 738/573/610 739/576/611
f 695/548/567 694/545/566 725/574/597 726/577/598
f 682/549/554 681/546/553 712/575/584 713/578/585
f 709/550/581 708/547/580 739/576/611 740/579/612
f 696/551/568 695/548/567 726/577/598 727/580/599
f 683/552/555 682/549/554 713/578/585 714/581/586
f 710/553/582 709/550/581 740/579/612 741/582/613
f 697/554/569 696/551/568 727/580/599 728/583/600
f 684/555/556 683/552/555 714/581/586 715/584/587
f 959/585/831 710/553/582 741/582/613
f 698/557/570 697/554/569 728/583/600 729/586/601
f 685/558/557 684/555/556 715/584/587 716/587/588
f 699/559/571 698/557/570 729/586/601 730/588/602
f 686/527/558 685/558/557 716/587/588 717/589/589
f 700/529/572 699/559/571 730/588/602 731/590/603
f 687/528/559 686/527/558 717/589/589 718/591/590
f 701/530/573 700/529/572 731/590/603 732/592/604
f 688/531/560 687/528/559 718/591/590 719/560/591
f 702/532/574 701/530/573 732/592/604 733/562/605
f 722/566/594 721/564/593 752/593/624 753/594/625
f 736/567/608 735/565/607 766/595/638 767/596/639
f 723/568/595 722/566/594 753/594/625 754/597/626
f 737/569/609 736/567/608 767/596/639 768/598/640
f 724/570/596 723/568/595 754/597/626 755/599/627
f 711/572/583 493/600/365 742/601/614
f 738/573/610 737/569/609 768/598/640 769/602/641
f 725/574/597 724/570/596 755/599/627 756/603/628
f 712/575/584 711/572/583 742/601/614 743/604/615
f 739/576/611 738/573/610 769/602/641 770/605/642
f 726/577/598 725/574/597 756/603/628 757/606/629
f 713/578/585 712/575/584 743/604/615 744/607/616
f 740/579/612 739/576/611 770/605/642 771/608/643
f 727/580/599 726/577/598 757/606/629 758/609/630
f 714/581/586 713/578/585 744/607/616 745/610/617
f 741/582/613 740/579/612 771/608/643 772/611/644
f 728/583/600 727/580/599 758/609/630 759/612/631
f 715/584/587 714/581/586 745/610/617 746/613/618
f 959/614/831 741/582/613 772/611/644
f 729/586/601 728/583/600 759/612/631 760/615/632
f 716/587/588 715/584/587 746/613/618 747/616/619
f 730/588/602 729/586/601 760/615/632 761/617/633
f 717/589/589 716/587/588 747/616/619 748/618/620
f 731/590/603 730/588/602 761/617/633 762/619/634
f 718/591/590 717/589/589 748/618/620 749/620/621
f 732/592/604 731/590/603 762/619/634 763/621/635
f 719/560/591 718/591/590 749/620/621 750/622/622
f 733/562/605 732/592/604 763/621/635 764/623/636
f 720/561/592 719/560/591 750/622/622 751/624/623
f 734/563/606 733/562/605 764/623/636 765/625/637
f 721/564/593 720/561/592 751/624/623 752/593/624
f 735/565/607 734/563/606 765/625/637 766/595/638
f 755/599/627 754/597/626 785/626/657 786/627/658
f 742/601/614 493/628/365 773/629/645
f 769/602/641 768/598/640 799/630/671 800/631/672
f 756/603/628 755/599/627 786/627/658 787/632/659
f 743/604/615 742/601/614 773/629/645 774/633/646
f 770/605/642 769/602/641 800/631/672 801/634/673
f 757/606/629 756/603/628 787/632/659 788/635/660
f 744/607/616 743/604/615 774/633/646 775/636/647
f 771/608/643 770/605/642 801/634/673 802/637/674
f 758/609/630 757/606/629 788/635/660 789/638/661
f 745/610/617 744/607/616 775/636/647 776/639/648
f 772/611/644 771/608/643 802/637/674 803/640/675
f 759/612/631 758/609/630 789/638/661 790/641/662
f 746/613/618 745/610/617 776/639/648 777/642/649
f 959/643/831 772/611/644 803/640/675
f 760/615/632 759/612/631 790/641/662 791/644/663
f 747/616/619 746/613/618 777/642/649 778/645/650
f 761/617/633 760/615/632 791/644/663 792/646/664
f 748/618/620 747/616/619 778/645/650 779/647/651
f 762/619/634 761/617/633 792/646/664 793/648/665
f 749/620/621 748/618/620 779/647/651 780/649/652
f 763/621/635 762/619/634 793/648/665 794/650/666
f 750/622/622 749/620/621 780/649/652 781/651/653
f 764/623/636 763/621/635 794/650/666 795/652/667
f 751/624/623 750/622/622 781/651/653 782/653/654
f 765/625/637 764/623/636 795/652/667 796/654/668
f 752/593/624 751/624/623 782/653/654 783/655/655
f 766/595/638 765/625/637 796/654/668 797/656/669
f 753/594/625 752/593/624 783/655/655 784/657/656
f 767/596/639 766/595/638 797/656/669 798/658/670
f 754/597/626 753/594/625 784/657/656 785/626/657
f 768/598/640 767/596/639 798/658/670 799/630/671
f 788/635/660 787/632/659 818/659/690 819/660/691
f 775/636/647 774/633/646 805/661/677 806/662/678
f 802/637/674 801/634/673 832/663/704 833/664/705
f 789/638/661 788/635/660 819/660/691 820/665/692
f 776/639/648 775/636/647 806/662/678 807/666/679
f 803/640/675 802/637/674 833/664/705 834/667/706
f 790/641/662 789/638/661 820/665/692 821/668/693
f 777/642/649 776/639/648 807/666/679 808/669/680
f 959/670/831 803/640/675 834/667/706
f 791/644/663 790/641/662 821/668/693 822/671/694
f 778/645/650 777/642/649 808/669/680 809/672/681
f 792/646/664 791/644/663 822/671/694 823/673/695
f 779/647/651 778/645/650 809/672/681 810/674/682
f 793/648/665 792/646/664 823/673/695 824/675/696
f 780/649/652 779/647/651 810/674/682 811/676/683
f 794/650/666 793/648/665 824/675/696 825/677/697
f 781/651/653 780/649/652 811/676/683 812/678/684
f 795/652/667 794/650/666 825/677/697 826/679/698
f 782/653/654 781/651/653 812/678/684 813/680/685
f 796/654/668 795/652/667 826/679/698 827/681/699
f 783/655/655 782/653/654 813/680/685 814/682/686
f 797/656/669 796/654/668 827/681/699 828/683/700
f 784/657/656 783/655/655 814/682/686 815/684/687
f 798/658/670 797/656/669 828/683/700 829/685/701
f 785/626/657 784/657/656 815/684/687 816/686/688
f 799/630/671 798/658/670 829/685/701 830/687/702
f 786/627/658 785/626/657 816/686/688 817/688/689
f 773/629/645 493/689/365 804/690/676
f 800/631/672 799/630/671 830/687/702 831/691/703
f 787/632/659 786/627/658 817/688/689 818/659/690
f 774/633/646 773/629/645 804/690/676 805/661/677
f 801/634/673 800/631/672 831/691/703 832/663/704
f 821/668/693 820/665/692 851/692/723 852/693/724
f 808/669/680 807/666/679 838/694/710 839/695/711
f 959/696/831 834/667/706 865/697/737
f 822/671/694 821/668/693 852/693/724 853/698/725
f 809/672/681 808/669/680 839/695/711 840/699/712
f 823/673/695 822/671/694 853/698/725 854/700/726
f 810/674/682 809/672/681 840/699/712 841/701/713
f 824/675/696 823/673/695 854/700/726 855/702/727
f 811/676/683 810/674/682 841/701/713 842/703/714
f 825/677/697 824/675/696 855/702/727 856/704/728
f 812/678/684 811/676/683 842/703/714 843/705/715
f 826/679/698 825/677/697 856/704/728 857/706/729
f 813/680/685 812/678/684 843/705/715 844/707/716
f 827/681/699 826/679/698 857/706/729 858/708/730
f 814/682/686 813/680/685 844/707/716 845/709/717
f 828/683/700 827/681/699 858/708/730 859/710/731
f 815/684/687 814/682/686 845/709/717 846/711/718
f 829/685/701 828/683/700 859/710/731 860/712/732
f 816/686/688 815/684/687 846/711/718 847/713/719
f 830/687/702 829/685/701 860/712/732 861/714/733
f 817/688/689 816/686/688 847/713/719 848/715/720
f 804/690/676 493/716/365 835/717/707
f 831/691/703 830/687/702 861/714/733 862/718/734
f 818/659/690 817/688/689 848/715/720 849/719/721
f 805/661/677 804/690/676 835/717/707 836/720/708
f 832/663/704 831/691/703 862/718/734 863/721/735
f 819/660/691 818/659/690 849/719/721 850/722/722
f 806/662/678 805/661/677 836/720/708 837/723/709
f 833/664/705 832/663/704 863/721/735 864/724/736
f 820/665/692 819/660/691 850/722/722 851/692/723
f 807/666/679 806/662/678 837/723/709 838/694/710
f 834/667/706 833/664/705 864/724/736 865/697/737
f 854/700/726 853/698/725 884/725/756 885/726/757
f 841/701/713 840/699/712 871/727/743 872/728/744
f 855/702/727 854/700/726 885/726/757 886/729/758
f 842/703/714 841/701/713 872/728/744 873/730/745
f 856/704/728 855/702/727 886/729/758 887/731/759
f 843/705/715 842/703/714 873/730/745 874/732/746
f 857/706/729 856/704/728 887/731/759 888/733/760
f 844/707/716 843/705/715 874/732/746 875/734/747
f 858/708/730 857/706/729 888/733/760 889/735/761
f 845/709/717 844/707/716 875/734/747 876/736/748
f 859/710/731 858/708/730 889/735/761 890/737/762
f 846/711/718 845/709/717 876/736/748 877/738/749
f 860/712/732 859/710/731 890/737/762 891/739/763
f 847/713/719 846/711/718 877/738/749 878/740/750
f 861/714/733 860/712/732 891/739/763 892/741/764
f 848/715/720 847/713/719 878/740/750 879/742/751
f 835/717/707 493/743/365 866/744/738
f 862/718/734 861/714/733 892/741/764 893/745/765
f 849/719/721 848/715/720 879/742/751 880/746/752
f 836/720/708 835/717/707 866/744/738 867/747/739
f 863/721/735 862/718/734 893/745/765 894/748/766
f 850/722/722 849/719/721 880/746/752 881/749/753
f 837/723/709 836/720/708 867/747/739 868/750/740
f 864/724/736 863/721/735 894/748/766 895/751/767
f 851/692/723 850/722/722 881/749/753 882/752/754
f 838/694/710 837/723/709 868/750/740 869/753/741
f 865/697/737 864/724/736 895/751/767 896/754/768
f 852/693/724 851/692/723 882/752/754 883/755/755
f 839/695/711 838/694/710 869/753/741 870/756/742
f 959/757/831 865/697/737 896/754/768
f 853/698/725 852/693/724 883/755/755 884/725/756
f 840/699/712 839/695/711 870/756/742 871/727/743
f 887/731/759 886/729/758 917/758/789 918/759/790
f 874/732/746 873/730/745 904/760/776 905/761/777
f 888/733/760 887/731/759 918/759/790 919/762/791
f 875/734/747 874/732/746 905/761/777 906/763/778
f 889/735/761 888/733/760 919/762/791 920/764/792
f 876/736/748 875/734/747 906/763/778 907/765/779
f 890/737/762 889/735/761 920/764/792 921/766/793
f 877/738/749 876/736/748 907/765/779 908/767/780
f 891/739/763 890/737/762 921/766/793 922/768/794
f 878/740/750 877/738/749 908/767/780 909/769/781
f 892/741/764 891/739/763 922/768/794 923/770/795
f 879/742/751 878/740/750 909/769/781 910/771/782
f 866/744/738 493/772/365 897/773/769
f 893/745/765 892/741/764 923/770/795 924/774/796
f 880/746/752 879/742/751 910/771/782 911/775/783
f 867/747/739 866/744/738 897/773/769 898/776/770
f 894/748/766 893/745/765 924/774/796 925/777/797
f 881/749/753 880/746/752 911/775/783 912/778/784
f 868/750/740 867/747/739 898/776/770 899/779/771
f 895/751/767 894/748/766 925/777/797 926/780/798
f 882/752/754 881/749/753 912/778/784 913/781/785
f 869/753/741 868/750/740 899/779/771 900/782/772
f 896/754/768 895/751/767 926/780/798 927/783/799
f 883/755/755 882/752/754 913/781/785 914/784/786
f 870/756/742 869/753/741 900/782/772 901/785/773
f 959/786/831 896/754/768 927/783/799
f 884/725/756 883/755/755 914/784/786 915/787/787
f 871/727/743 870/756/742 901/785/773 902/788/774
f 885/726/757 884/725/756 915/787/787 916/789/788
f 872/728/744 871/727/743 902/788/774 903/790/775
f 886/729/758 885/726/757 916/789/788 917/758/789
f 873/730/745 872/728/744 903/790/775 904/760/776
f 920/764/792 919/762/791 950/791/822 951/792/823
f 907/765/779 906/763/778 937/793/809 938/794/810
f 921/766/793 920/764/792 951/792/823 952/795/824
f 908/767/780 907/765/779 938/794/810 939/796/811
f 922/768/794 921/766/793 952/795/824 953/797/825
f 909/769/781 908/767/780 939/796/811 940/798/812
f 923/770/795 922/768/794 953/797/825 954/799/826
f 910/771/782 909/769/781 940/798/812 941/800/813
f 897/773/769 493/801/365 928/802/800
f 924/774/796 923/770/795 954/799/826 955/803/827
f 911/775/783 910/771/782 941/800/813 942/804/814
f 898/776/770 897/773/769 928/802/800 929/805/801
f 925/777/797 924/774/796 955/803/827 956/806/828
f 912/778/784 911/775/783 942/804/814 943/807/815
f 899/779/771 898/776/770 929/805/801 930/808/802
f 926/780/798 925/777/797 956/806/828 957/809/829
f 913/781/785 912/778/784 943/807/815 944/810/816
f 900/782/772 899/779/771 930/808/802 931/811/803
f 927/783/799 926/780/798 957/809/829 958/812/830
f 914/784/786 913/781/785 944/810/816 945/813/817
f 901/785/773 900/782/772 931/811/803 932/814/804
f 959/815/831 927/783/799 958/812/830
f 915/787/787 914/784/786 945/813/817 946/816/818
f 902/788/774 901/785/773 932/814/804 933/817/805
f 916/789/788 915/787/787 946/816/818 947/818/819
f 903/790/775 902/788/774 933/817/805 934/819/806
f 917/758/789 916/789/788 947/818/819 948/820/820
f 904/760/776 903/790/775 934/819/806 935/821/807
f 918/759/790 917/758/789 948/820/820 949/822/821
f 905/761/777 904/760/776 935/821/807 936/823/808
f 919/762/791 918/759/790 949/822/821 950/791/822
f 906/763/778 905/761/777 936/823/808 937/793/809
f 953/797/825 952/795/824 984/824/856 985/825/857
f 940/798/812 939/796/811 971/826/843 972/827/844
f 954/799/826 953/797/825 985/825/857 986/828/858
f 941/800/813 940/798/812 972/827/844 973/829/845
f 928/802/800 493/830/365 960/831/832
f 955/803/827 954/799/826 986/828/858 987/832/859
f 942/804/814 941/800/813 973/829/845 974/833/846
f 929/805/801 928/802/800 960/831/832 961/834/833
f 956/806/828 955/803/827 987/832/859 988/835/860
f 943/807/815 942/804/814 974/833/846 975/836/847
f 930/808/802 929/805/801 961/834/833 962/837/834
f 957/809/829 956/806/828 988/835/860 989/838/861
f 944/810/816 943/807/815 975/836/847 976/839/848
f 931/811/803 930/808/802 962/837/834 963/840/835
f 958/812/830 957/809/829 989/838/861 990/841/862
f 945/813/817 944/810/816 976/839/848 977/842/849
f 932/814/804 931/811/803 963/840/835 964/843/836
f 959/844/831 958/812/830 990/841/862
f 946/816/818 945/813/817 977/842/849 978/845/850
f 933/817/805 932/814/804 964/843/836 965/846/837
f 947/818/819 946/816/818 978/845/850 979/847/851
f 934/819/806 933/817/805 965/846/837 966/848/838
f 948/820/820 947/818/819 979/847/851 980/849/852
f 935/821/807 934/819/806 966/848/838 967/850/839
f 949/822/821 948/820/820 980/849/852 981/851/853
f 936/823/808 935/821/807 967/850/839 968/852/840
f 950/791/822 949/822/821 981/851/853 982/853/854
f 937/793/809 936/823/808 968/852/840 969/854/841
f 951/792/823 950/791/822 982/853/854 983/855/855
f 938/794/810 937/793/809 969/854/841 970/856/842
f 952/795/824 951/792/823 983/855/855 984/824/856
f 939/796/811 938/794/810 970/856/842 971/826/843
f 960/831/832 493/857/365 991/858/863
f 987/832/859 986/828/858 1017/859/889 1018/860/890
f 974/833/846 973/829/845 1004/861/876 1005/862/877
f 961/834/833 960/831/832 991/858/863 992/863/864
f 988/835/860 987/832/859 1018/860/890 1019/864/891
f 975/836/847 974/833/846 1005/862/877 1006/865/878
f 962/837/834 961/834/833 992/863/864 993/866/865
f 989/838/861 988/835/860 1019/864/891 1020/867/892
f 976/839/848 975/836/847 1006/865/878 1007/868/879
f 963/840/835 962/837/834 993/866/865 994/869/866
f 990/841/862 989/838/861 1020/867/892 1021/870/893
f 977/842/849 976/839/848 1007/868/879 1008/871/880
f 964/843/836 963/840/835 994/869/866 995/872/867
f 959/873/831 990/841/862 1021/870/893
f 978/845/850 977/842/849 1008/871/880 1009/874/881
f 965/846/837 964/843/836 995/872/867 996/875/868
f 979/847/851 978/845/850 1009/874/881 1010/876/882
f 966/848/838 965/846/837 996/875/868 997/877/869
f 980/849/852 979/847/851 1010/876/882 1011/878/883
f 967/850/839 966/848/838 997/877/869 998/879/870
f 981/851/853 980/849/852 1011/878/883 1012/880/884
f 968/852/840 967/850/839 998/879/870 999/881/871
f 982/853/854 981/851/853 1012/880/884 1013/882/885
f 969/854/841 968/852/840 999/881/871 1000/883/872
f 983/855/855 982/853/854 1013/882/885 1014/884/886
f 970/856/842 969/854/841 1000/883/872 1001/885/873
f 984/824/856 983/855/855 1014/884/886 1015/886/887
f 971/826/843 970/856/842 1001/885/873 1002/887/874
f 985/825/857 984/824/856 1015/886/887 1016/888/888
f 972/827/844 971/826/843 1002/887/874 1003/889/875
f 986/828/858 985/825/857 1016/888/888 1017/859/889
f 973/829/845 972/827/844 1003/889/875 1004/861/876
f 1010/876/882 1009/874/881 1040/890/912 1041/891/913
f 997/877/869 996/875/868 1027/892/899 1028/893/900
f 1011/878/883 1010/876/882 1041/891/913 1042/894/914
f 998/879/870 997/877/869 1028/893/900 1029/895/901
f 1012/880/884 1011/878/883 1042/894/914 1043/896/915
f 999/881/871 998/879/870 1029/895/901 1030/897/902
f 1013/882/885 1012/880/884 1043/896/915 1044/898/916
f 1000/883/872 999/881/871 1030/897/902 1031/899/903
f 1014/884/886 1013/882/885 1044/898/916 1045/900/917
f 1001/885/873 1000/883/872 1031/899/903 1032/901/904
f 1015/886/887 1014/884/886 1045/900/917 1046/902/918
f 1002/887/874 1001/885/873 1032/901/904 1033/903/905
f 1016/888/888 1015/886/887 1046/902/918 1047/904/919
f 1003/889/875 1002/887/874 1033/903/905 1034/905/906
f 1017/859/889 1016/888/888 1047/904/919 1048/906/920
f 1004/861/876 1003/889/875 1034/905/906 1035/907/907
f 991/858/863 493/908/365 1022/909/894
f 1018/860/890 1017/859/889 1048/906/920 1049/910/921
f 1005/862/877 1004/861/876 1035/907/907 1036/911/908
f 992/863/864 991/858/863 1022/909/894 1023/912/895
f 1019/864/891 1018/860/890 1049/910/921 1050/913/922
f 1006/865/878 1005/862/877 1036/911/908 1037/914/909
f 993/866/865 992/863/864 1023/912/895 1024/915/896
f 1020/867/892 1019/864/891 1050/913/922 1051/916/923
f 1007/868/879 1006/865/878 1037/914/909 1038/917/910
f 994/869/866 993/866/865 1024/915/896 1025/918/897
f 1021/870/893 1020/867/892 1051/916/923 1052/919/924
f 1008/871/880 1007/868/879 1038/917/910 1039/920/911
f 995/872/867 994/869/866 1025/918/897 1026/921/898
f 959/922/831 1021/870/893 1052/919/924
f 1009/874/881 1008/871/880 1039/920/911 1040/890/912
f 996/875/868 995/872/867 1026/921/898 1027/892/899
f 1043/896/915 1042/894/914 1073/923/945 1074/924/946
f 1030/897/902 1029/895/901 1060/925/932 1061/926/933
f 1044/898/916 1043/896/915 1074/924/946 1075/927/947
f 1031/899/903 1030/897/902 1061/926/933 1062/928/934
f 1045/900/917 1044/898/916 1075/927/947 1076/929/948
f 1032/901/904 1031/899/903 1062/928/934 1063/930/935
f 1046/902/918 1045/900/917 1076/929/948 1077/931/949
f 1033/903/905 1032/901/904 1063/930/935 1064/932/936
f 1047/904/919 1046/902/918 1077/931/949 1078/933/950
f 1034/905/906 1033/903/905 1064/932/936 1065/934/937
f 1048/906/920 1047/904/919 1078/933/950 1079/935/951
f 1035/907/907 1034/905/906 1065/934/937 1066/936/938
f 1022/909/894 493/937/365 1053/938/925
f 1049/910/921 1048/906/920 1079/935/951 1080/939/952
f 1036/911/908 1035/907/907 1066/936/938 1067/940/939
f 1023/912/895 1022/909/894 1053/938/925 1054/941/926
f 1050/913/922 1049/910/921 1080/939/952 1081/942/953
f 1037/914/909 1036/911/908 1067/940/939 1068/943/940
f 1024/915/896 1023/912/895 1054/941/926 1055/944/927
f 1051/916/923 1050/913/922 1081/942/953 1082/945/954
f 1038/917/910 1037/914/909 1068/943/940 1069/946/941
f 1025/918/897 1024/915/896 1055/944/927 1056/947/928
f 1052/919/924 1051/916/923 1082/945/954 1083/948/955
f 1039/920/911 1038/917/910 1069/946/941 1070/949/942
f 1026/921/898 1025/918/897 1056/947/928 1057/950/929
f 959/951/831 1052/919/924 1083/948/955
f 1040/890/912 1039/920/911 1070/949/942 1071/952/943
f 1027/892/899 1026/921/898 1057/950/929 1058/953/930
f 1041/891/913 1040/890/912 1071/952/943 1072/954/944
f 1028/893/900 1027/892/899 1058/953/930 1059/955/931
f 1042/894/914 1041/891/913 1072/954/944 1073/923/945
f 1029/895/901 1028/893/900 1059/955/931 1060/925/932
f 1076/929/948 1075/927/947 1106/956/978 1107/957/979
f 1063/930/935 1062/928/934 1093/958/965 1094/959/966
f 1077/931/949 1076/929/948 1107/957/979 1108/960/980
f 1064/932/936 1063/930/935 1094/959/966 1095/961/967
f 1078/933/950 1077/931/949 1108/960/980 1109/962/981
f 1065/934/937 1064/932/936 1095/961/967 1096/963/968
f 1079/935/951 1078/933/950 1109/962/981 1110/964/982
f 1066/936/938 1065/934/937 1096/963/968 1097/965/969
f 1053/938/925 493/966/365 1084/967/956
f 1080/939/952 1079/935/951 1110/964/982 1111/968/983
f 1067/940/939 1066/936/938 1097/965/969 1098/969/970
f 1054/941/926 1053/938/925 1084/967/956 1085/970/957
f 1081/942/953 1080/939/952 1111/968/983 1112/971/984
f 1068/943/940 1067/940/939 1098/969/970 1099/972/971
f 1055/944/927 1054/941/926 1085/970/957 1086/973/958
f 1082/945/954 1081/942/953 1112/971/984 1113/974/985
f 1069/946/941 1068/943/940 1099/972/971 1100/975/972
f 1056/947/928 1055/944/927 1086/973/958 1087/976/959
f 1083/948/955 1082/945/954 1113/974/985 1114/977/986
f 1070/949/942 1069/946/941 1100/975/972 1101/978/973
f 1057/950/929 1056/947/928 1087/976/959 1088/979/960
f 959/980/831 1083/948/955 1114/977/986
f 1071/952/943 1070/949/942 1101/978/973 1102/981/974
f 1058/953/930 1057/950/929 1088/979/960 1089/982/961
f 1072/954/944 1071/952/943 1102/981/974 1103/983/975
f 1059/955/931 1058/953/930 1089/982/961 1090/984/962
f 1073/923/945 1072/954/944 1103/983/975 1104/985/976
f 1060/925/932 1059/955/931 1090/984/962 1091/986/963
f 1074/924/946 1073/923/945 1104/985/976 1105/987/977
f 1061/926/933 1060/925/932 1091/986/963 1092/988/964
f 1075/927/947 1074/924/946 1105/987/977 1106/956/978
f 1062/928/934 1061/926/933 1092/988/964 1093/958/965
f 1109/962/981 1108/960/980 1139/989/1011 1140/990/1012
f 1096/963/968 1095/961/967 1126/991/998 1127/992/999
f 1110/964/982 1109/962/981 1140/990/1012 1141/993/1013
f 1097/965/969 1096/963/968 1127/992/999 1128/994/1000
f 1084/967/956 493/995/365 1115/996/987
f 1111/968/983 1110/964/982 1141/993/1013 1142/997/1014
f 1098/969/970 1097/965/969 1128/994/1000 1129/998/1001
f 1085/970/957 1084/967/956 1115/996/987 1116/999/988
f 1112/971/984 1111/968/983 1142/997/1014 1143/1000/1015
f 1099/972/971 1098/969/970 1129/998/1001 1130/1001/1002
f 1086/973/958 1085/970/957 1116/999/988 1117/1002/989
f 1113/974/985 1112/971/984 1143/1000/1015 1144/1003/1016
f 1100/975/972 1099/972/971 1130/1001/1002 1131/1004/1003
f 1087/976/959 1086/973/958 1117/1002/989 1118/1005/990
f 1114/977/986 1113/974/985 1144/1003/1016 1145/1006/1017
f 1101/978/973 1100/975/972 1131/1004/1003 1132/1007/1004
f 1088/979/960 1087/976/959 1118/1005/990 1119/1008/991
f 959/1009/831 1114/977/986 1145/1006/1017
f 1102/981/974 1101/978/973 1132/1007/1004 1133/1010/1005
f 1089/982/961 1088/979/960 1119/1008/991 1120/1011/992
f 1103/983/975 1102/981/974 1133/1010/1005 1134/1012/1006
f 1090/984/962 1089/982/961 1120/1011/992 1121/1013/993
f 1104/985/976 1103/983/975 1134/1012/1006 1135/1014/1007
f 1091/986/963 1090/984/962 1121/1013/993 1122/1015/994
f 1105/987/977 1104/985/976 1135/1014/1007 1136/1016/1008
f 1092/988/964 1091/986/963 1122/1015/994 1123/1017/995
f 1106/956/978 1105/987/977 1136/1016/1008 1137/1018/1009
f 1093/958/965 1092/988/964 1123/1017/995 1124/1019/996
f 1107/957/979 1106/956/978 1137/1018/1009 1138/1020/1010
f 1094/959/966 1093/958/965 1124/1019/996 1125/1021/997
f 1108/960/980 1107/957/979 1138/1020/1010 1139/989/1011
f 1095/961/967 1094/959/966 1125/1021/997 1126/991/998
f 1115/996/987 493/1022/365 1146/1023/1018
f 1142/997/1014 1141/993/1013 1172/1024/1044 1173/1025/1045
f 1129/998/1001 1128/994/1000 1159/1026/1031 1160/1027/1032
f 1116/999/988 1115/996/987 1146/1023/1018 1147/1028/1019
f 1143/1000/1015 1142/997/1014 1173/1025/1045 1174/1029/1046
f 1130/1001/1002 1129/998/1001 1160/1027/1032 1161/1030/1033
f 1117/1002/989 1116/999/988 1147/1028/1019 1148/1031/1020
f 1144/1003/1016 1143/1000/1015 1174/1029/1046 1175/1032/1047
f 1131/1004/1003 1130/1001/1002 1161/1030/1033 1162/1033/1034
f 1118/1005/990 1117/1002/989 1148/1031/1020 1149/1034/1021
f 1145/1006/1017 1144/1003/1016 1175/1032/1047 1176/1035/1048
f 1132/1007/1004 1131/1004/1003 1162/1033/1034 1163/1036/1035
f 1119/1008/991 1118/1005/990 1149/1034/1021 1150/1037/1022
f 959/1038/831 1145/1006/1017 1176/1035/1048
f 1133/1010/1005 1132/1007/1004 1163/1036/1035 1164/1039/1036
f 1120/1011/992 1119/1008/991 1150/1037/1022 1151/1040/1023
f 1134/1012/1006 1133/1010/1005 1164/1039/1036 1165/1041/1037
f 1121/1013/993 1120/1011/992 1151/1040/1023 1152/1042/1024
f 1135/1014/1007 1134/1012/1006 1165/1041/1037 1166/1043/1038
f 1122/1015/994 1121/1013/993 1152/1042/1024 1153/1044/1025
f 1136/1016/1008 1135/1014/1007 1166/1043/1038 1167/1045/1039
f 1123/1017/995 1122/1015/994 1153/1044/1025 1154/1046/1026
f 1137/1018/1009 1136/1016/1008 1167/1045/1039 1168/1047/1040
f 1124/1019/996 1123/1017/995 1154/1046/1026 1155/1048/1027
f 1138/1020/1010 1137/1018/1009 1168/1047/1040 1169/1049/1041
f 1125/1021/997 1124/1019/996 1155/1048/1027 1156/1050/1028
f 1139/989/1011 1138/1020/1010 1169/1049/1041 1170/1051/1042
f 1126/991/998 1125/1021/997 1156/1050/1028 1157/1052/1029
f 1140/990/1012 1139/989/1011 1170/1051/1042 1171/1053/1043
f 1127/992/999 1126/991/998 1157/1052/1029 1158/1054/1030
f 1141/993/1013 1140/990/1012 1171/1053/1043 1172/1024/1044
f 1128/994/1000 1127/992/999 1158/1054/1030 1159/1026/1031
f 1148/1031/1020 1147/1028/1019 1178/1055/1050 1179/1056/1051
f 1175/1032/1047 1174/1029/1046 1205/1057/1077 1206/1058/1078
f 1162/1033/1034 1161/1030/1033 1192/1059/1064 1193/1060/1065
f 1149/1034/1021 1148/1031/1020 1179/1056/1051 1180/1061/1052
f 1176/1035/1048 1175/1032/1047 1206/1058/1078 1207/1062/1079
f 1163/1036/1035 1162/1033/1034 1193/1060/1065 1194/1063/1066
f 1150/1037/1022 1149/1034/1021 1180/1061/1052 1181/1064/1053
f 959/1065/831 1176/1035/1048 1207/1062/1079
f 1164/1039/1036 1163/1036/1035 1194/1063/1066 1195/1066/1067
f 1151/1040/1023 1150/1037/1022 1181/1064/1053 1182/1067/1054
f 1165/1041/1037 1164/1039/1036 1195/1066/1067 1196/1068/1068
f 1152/1042/1024 1151/1040/1023 1182/1067/1054 1183/1069/1055
f 1166/1043/1038 1165/1041/1037 1196/1068/1068 1197/1070/1069
f 1153/1044/1025 1152/1042/1024 1183/1069/1055 1184/1071/1056
f 1167/1045/1039 1166/1043/1038 1197/1070/1069 1198/1072/1070
f 1154/1046/1026 1153/1044/1025 1184/1071/1056 1185/1073/1057
f 1168/1047/1040 1167/1045/1039 1198/1072/1070 1199/1074/1071
f 1155/1048/1027 1154/1046/1026 1185/1073/1057 1186/1075/1058
f 1169/1049/1041 1168/1047/1040 1199/1074/1071 1200/1076/1072
f 1156/1050/1028 1155/1048/1027 1186/1075/1058 1187/1077/1059
f 1170/1051/1042 1169/1049/1041 1200/1076/1072 1201/1078/1073
f 1157/1052/1029 1156/1050/1028 1187/1077/1059 1188/1079/1060
f 1171/1053/1043 1170/1051/1042 1201/1078/1073 1202/1080/1074
f 1158/1054/1030 1157/1052/1029 1188/1079/1060 1189/1081/1061
f 1172/1024/1044 1171/1053/1043 1202/1080/1074 1203/1082/1075
f 1159/1026/1031 1158/1054/1030 1189/1081/1061 1190/1083/1062
f 1146/1023/1018 493/1084/365 1177/1085/1049
f 1173/1025/1045 1172/1024/1044 1203/1082/1075 1204/1086/1076
f 1160/1027/1032 1159/1026/1031 1190/1083/1062 1191/1087/1063
f 1147/1028/1019 1146/1023/1018 1177/1085/1049 1178/1055/1050
f 1174/1029/1046 1173/1025/1045 1204/1086/1076 1205/1057/1077
f 1161/1030/1033 1160/1027/1032 1191/1087/1063 1192/1059/1064
f 1181/1064/1053 1180/1061/1052 1211/1088/1083 1212/1089/1084
f 959/1090/831 1207/1062/1079 1238/1091/1110
f 1195/1066/1067 1194/1063/1066 1225/1092/1097 1226/1093/1098
f 1182/1067/1054 1181/1064/1053 1212/1089/1084 1213/1094/1085
f 1196/1068/1068 1195/1066/1067 1226/1093/1098 1227/1095/1099
f 1183/1069/1055 1182/1067/1054 1213/1094/1085 1214/1096/1086
f 1197/1070/1069 1196/1068/1068 1227/1095/1099 1228/1097/1100
f 1184/1071/1056 1183/1069/1055 1214/1096/1086 1215/1098/1087
f 1198/1072/1070 1197/1070/1069 1228/1097/1100 1229/1099/1101
f 1185/1073/1057 1184/1071/1056 1215/1098/1087 1216/1100/1088
f 1199/1074/1071 1198/1072/1070 1229/1099/1101 1230/1101/1102
f 1186/1075/1058 1185/1073/1057 1216/1100/1088 1217/1102/1089
f 1200/1076/1072 1199/1074/1071 1230/1101/1102 1231/1103/1103
f 1187/1077/1059 1186/1075/1058 1217/1102/1089 1218/1104/1090
f 1201/1078/1073 1200/1076/1072 1231/1103/1103 1232/1105/1104
f 1188/1079/1060 1187/1077/1059 1218/1104/1090 1219/1106/1091
f 1202/1080/1074 1201/1078/1073 1232/1105/1104 1233/1107/1105
f 1189/1081/1061 1188/1079/1060 1219/1106/1091 1220/1108/1092
f 1203/1082/1075 1202/1080/1074 1233/1107/1105 1234/1109/1106
f 1190/1083/1062 1189/1081/1061 1220/1108/1092 1221/1110/1093
f 1177/1085/1049 493/1111/365 1208/1112/1080
f 1204/1086/1076 1203/1082/1075 1234/1109/1106 1235/1113/1107
f 1191/1087/1063 1190/1083/1062 1221/1110/1093 1222/1114/1094
f 1178/1055/1050 1177/1085/1049 1208/1112/1080 1209/1115/1081
f 1205/1057/1077 1204/1086/1076 1235/1113/1107 1236/1116/1108
f 1192/1059/1064 1191/1087/1063 1222/1114/1094 1223/1117/1095
f 1179/1056/1051 1178/1055/1050 1209/1115/1081 1210/1118/1082
f 1206/1058/1078 1205/1057/1077 1236/1116/1108 1237/1119/1109
f 1193/1060/1065 1192/1059/1064 1223/1117/1095 1224/1120/1096
f 1180/1061/1052 1179/1056/1051 1210/1118/1082 1211/1088/1083
f 1207/1062/1079 1206/1058/1078 1237/1119/1109 1238/1091/1110
f 1194/1063/1066 1193/1060/1065 1224/1120/1096 1225/1092/1097
f 1214/1096/1086 1213/1094/1085 1244/1121/1116 1245/1122/1117
f 1228/1097/1100 1227/1095/1099 1258/1123/1130 1259/1124/1131
f 1215/1098/1087 1214/1096/1086 1245/1122/1117 1246/1125/1118
f 1229/1099/1101 1228/1097/1100 1259/1124/1131 1260/1126/1132
f 1216/1100/1088 1215/1098/1087 1246/1125/1118 1247/1127/1119
f 1230/1101/1102 1229/1099/1101 1260/1126/1132 1261/1128/1133
f 1217/1102/1089 1216/1100/1088 1247/1127/1119 1248/1129/1120
f 1231/1103/1103 1230/1101/1102 1261/1128/1133 1262/1130/1134
f 1218/1104/1090 1217/1102/1089 1248/1129/1120 1249/1131/1121
f 1232/1105/1104 1231/1103/1103 1262/1130/1134 1263/1132/1135
f 1219/1106/1091 1218/1104/1090 1249/1131/1121 1250/1133/1122
f 1233/1107/1105 1232/1105/1104 1263/1132/1135 1264/1134/1136
f 1220/1108/1092 1219/1106/1091 1250/1133/1122 1251/1135/1123
f 1234/1109/1106 1233/1107/1105 1264/1134/1136 1265/1136/1137
f 1221/1110/1093 1220/1108/1092 1251/1135/1123 1252/1137/1124
f 1208/1112/1080 493/1138/365 1239/1139/1111
f 1235/1113/1107 1234/1109/1106 1265/1136/1137 1266/1140/1138
f 1222/1114/1094 1221/1110/1093 1252/1137/1124 1253/1141/1125
f 1209/1115/1081 1208/1112/1080 1239/1139/1111 1240/1142/1112
f 1236/1116/1108 1235/1113/1107 1266/1140/1138 1267/1143/1139
f 1223/1117/1095 1222/1114/1094 1253/1141/1125 1254/1144/1126
f 1210/1118/1082 1209/1115/1081 1240/1142/1112 1241/1145/1113
f 1237/1119/1109 1236/1116/1108 1267/1143/1139 1268/1146/1140
f 1224/1120/1096 1223/1117/1095 1254/1144/1126 1255/1147/1127
f 1211/1088/1083 1210/1118/1082 1241/1145/1113 1242/1148/1114
f 1238/1091/1110 1237/1119/1109 1268/1146/1140 1269/1149/1141
f 1225/1092/1097 1224/1120/1096 1255/1147/1127 1256/1150/1128
f 1212/1089/1084 1211/1088/1083 1242/1148/1114 1243/1151/1115
f 959/1152/831 1238/1091/1110 1269/1149/1141
f 1226/1093/1098 1225/1092/1097 1256/1150/1128 1257/1153/1129
f 1213/1094/1085 1212/1089/1084 1243/1151/1115 1244/1121/1116
f 1227/1095/1099 1226/1093/1098 1257/1153/1129 1258/1123/1130
f 1247/1127/1119 1246/1125/1118 1277/1154/1149 1278/1155/1150
f 1261/1128/1133 1260/1126/1132 1291/1156/1163 1292/1157/1164
f 1248/1129/1120 1247/1127/1119 1278/1155/1150 1279/1158/1151
f 1262/1130/1134 1261/1128/1133 1292/1157/1164 1293/1159/1165
f 1249/1131/1121 1248/1129/1120 1279/1158/1151 1280/1160/1152
f 1263/1132/1135 1262/1130/1134 1293/1159/1165 1294/1161/1166
f 1250/1133/1122 1249/1131/1121 1280/1160/1152 1281/1162/1153
f 1264/1134/1136 1263/1132/1135 1294/1161/1166 1295/1163/1167
f 1251/1135/1123 1250/1133/1122 1281/1162/1153 1282/1164/1154
f 1265/1136/1137 1264/1134/1136 1295/1163/1167 1296/1165/1168
f 1252/1137/1124 1251/1135/1123 1282/1164/1154 1283/1166/1155
f 1239/1139/1111 493/1167/365 1270/1168/1142
f 1266/1140/1138 1265/1136/1137 1296/1165/1168 1297/1169/1169
f 1253/1141/1125 1252/1137/1124 1283/1166/1155 1284/1170/1156
f 1240/1142/1112 1239/1139/1111 1270/1168/1142 1271/1171/1143
f 1267/1143/1139 1266/1140/1138 1297/1169/1169 1298/1172/1170
f 1254/1144/1126 1253/1141/1125 1284/1170/1156 1285/1173/1157
f 1241/1145/1113 1240/1142/1112 1271/1171/1143 1272/1174/1144
f 1268/1146/1140 1267/1143/1139 1298/1172/1170 1299/1175/1171
f 1255/1147/1127 1254/1144/1126 1285/1173/1157 1286/1176/1158
f 1242/1148/1114 1241/1145/1113 1272/1174/1144 1273/1177/1145
f 1269/1149/1141 1268/1146/1140 1299/1175/1171 1300/1178/1172
f 1256/1150/1128 1255/1147/1127 1286/1176/1158 1287/1179/1159
f 1243/1151/1115 1242/1148/1114 1273/1177/1145 1274/1180/1146
f 959/1181/831 1269/1149/1141 1300/1178/1172
f 1257/1153/1129 1256/1150/1128 1287/1179/1159 1288/1182/1160
f 1244/1121/1116 1243/1151/1115 1274/1180/1146 1275/1183/1147
f 1258/1123/1130 1257/1153/1129 1288/1182/1160 1289/1184/1161
f 1245/1122/1117 1244/1121/1116 1275/1183/1147 1276/1185/1148
f 1259/1124/1131 1258/1123/1130 1289/1184/1161 1290/1186/1162
f 1246/1125/1118 1245/1122/1117 1276/1185/1148 1277/1154/1149
f 1260/1126/1132 1259/1124/1131 1290/1186/1162 1291/1156/1163
f 1280/1160/1152 1279/1158/1151 1310/1187/1182 1311/1188/1183
f 1294/1161/1166 1293/1159/1165 1324/1189/1196 1325/1190/1197
f 1281/1162/1153 1280/1160/1152 1311/1188/1183 1312/1191/1184
f 1295/1163/1167 1294/1161/1166 1325/1190/1197 1326/1192/1198
f 1282/1164/1154 1281/1162/1153 1312/1191/1184 1313/1193/1185
f 1296/1165/1168 1295/1163/1167 1326/1192/1198 1327/1194/1199
f 1283/1166/1155 1282/1164/1154 1313/1193/1185 1314/1195/1186
f 1270/1168/1142 493/1196/365 1301/1197/1173
f 1297/1169/1169 1296/1165/1168 1327/1194/1199 1328/1198/1200
f 1284/1170/1156 1283/1166/1155 1314/1195/1186 1315/1199/1187
f 1271/1171/1143 1270/1168/1142 1301/1197/1173 1302/1200/1174
f 1298/1172/1170 1297/1169/1169 1328/1198/1200 1329/1201/1201
f 1285/1173/1157 1284/1170/1156 1315/1199/1187 1316/1202/1188
f 1272/1174/1144 1271/1171/1143 1302/1200/1174 1303/1203/1175
f 1299/1175/1171 1298/1172/1170 1329/1201/1201 1330/1204/1202
f 1286/1176/1158 1285/1173/1157 1316/1202/1188 1317/1205/1189
f 1273/1177/1145 1272/1174/1144 1303/1203/1175 1304/1206/1176
f 1300/1178/1172 1299/1175/1171 1330/1204/1202 1331/1207/1203
f 1287/1179/1159 1286/1176/1158 1317/1205/1189 1318/1208/1190
f 1274/1180/1146 1273/1177/1145 1304/1206/1176 1305/1209/1177
f 959/1210/831 1300/1178/1172 1331/1207/1203
f 1288/1182/1160 1287/1179/1159 1318/1208/1190 1319/1211/1191
f 1275/1183/1147 1274/1180/1146 1305/1209/1177 1306/1212/1178
f 1289/1184/1161 1288/1182/1160 1319/1211/1191 1320/1213/1192
f 1276/1185/1148 1275/1183/1147 1306/1212/1178 1307/1214/1179
f 1290/1186/1162 1289/1184/1161 1320/1213/1192 1321/1215/1193
f 1277/1154/1149 1276/1185/1148 1307/1214/1179 1308/1216/1180
f 1291/1156/1163 1290/1186/1162 1321/1215/1193 1322/1217/1194
f 1278/1155/1150 1277/1154/1149 1308/1216/1180 1309/1218/1181
f 1292/1157/1164 1291/1156/1163 1322/1217/1194 1323/1219/1195
f 1279/1158/1151 1278/1155/1150 1309/1218/1181 1310/1187/1182
f 1293/1159/1165 1292/1157/1164 1323/1219/1195 1324/1189/1196
f 1313/1220/1185 1312/1221/1184 1343/1222/1215 1344/1223/1216
f 1327/1224/1199 1326/1225/1198 1357/1226/1229 1358/1227/1230
f 1314/1228/1186 1313/1220/1185 1344/1223/1216 1345/1229/1217
f 1301/1230/1173 493/1231/365 1332/1232/1204
f 1328/1233/1200 1327/1224/1199 1358/1227/1230 1359/1234/1231
f 1315/1235/1187 1314/1228/1186 1345/1229/1217 1346/1236/1218
f 1302/1237/1174 1301/1230/1173 1332/1232/1204 1333/1238/1205
f 1329/1239/1201 1328/1233/1200 1359/1234/1231 1360/1240/1232
f 1316/1241/1188 1315/1235/1187 1346/1236/1218 1347/1242/1219
f 1303/1243/1175 1302/1237/1174 1333/1238/1205 1334/1244/1206
f 1330/1245/1202 1329/1239/1201 1360/1240/1232 1361/1246/1233
f 1317/1247/1189 1316/1241/1188 1347/1242/1219 1348/1248/1220
f 1304/1249/1176 1303/1243/1175 1334/1244/1206 1335/1250/1207
f 1331/1251/1203 1330/1245/1202 1361/1246/1233 1362/1252/1234
f 1318/1253/1190 1317/1247/1189 1348/1248/1220 1349/1254/1221
f 1305/1255/1177 1304/1249/1176 1335/1250/1207 1336/1256/1208
f 959/1257/831 1331/1251/1203 1362/1252/1234
f 1319/1258/1191 1318/1253/1190 1349/1254/1221 1350/1259/1222
f 1306/1260/1178 1305/1255/1177 1336/1256/1208 1337/1261/1209
f 1320/1262/1192 1319/1258/1191 1350/1259/1222 1351/1263/1223
f 1307/1264/1179 1306/1260/1178 1337/1261/1209 1338/1265/1210
f 1321/1266/1193 1320/1262/1192 1351/1263/1223 1352/1267/1224
f 1308/1268/1180 1307/1264/1179 1338/1265/1210 1339/1269/1211
f 1322/1270/1194 1321/1266/1193 1352/1267/1224 1353/1271/1225
f 1309/1272/1181 1308/1268/1180 1339/1269/1211 1340/1273/1212
f 1323/1274/1195 1322/1270/1194 1353/1271/1225 1354/1275/1226
f 1310/1276/1182 1309/1272/1181 1340/1273/1212 1341/1277/1213
f 1324/1278/1196 1323/1274/1195 1354/1275/1226 1355/1279/1227
f 1311/1280/1183 1310/1276/1182 1341/1277/1213 1342/1281/1214
f 1325/1282/1197 1324/1278/1196 1355/1279/1227 1356/1283/1228
f 1312/1221/1184 1311/1280/1183 1342/1281/1214 1343/1222/1215
f 1326/1225/1198 1325/1282/1197 1356/1283/1228 1357/1226/1229
f 1346/1236/1218 1345/1229/1217 1376/1284/1248 1377/1285/1249
f 1333/1238/1205 1332/1232/1204 1363/1286/1235 1364/1287/1236
f 1360/1240/1232 1359/1234/1231 1390/1288/1262 1391/1289/1263
f 1347/1242/1219 1346/1236/1218 1377/1285/1249 1378/1290/1250
f 1334/1244/1206 1333/1238/1205 1364/1287/1236 1365/1291/1237
f 1361/1246/1233 1360/1240/1232 1391/1289/1263 1392/1292/1264
f 1348/1248/1220 1347/1242/1219 1378/1290/1250 1379/1293/1251
f 1335/1250/1207 1334/1244/1206 1365/1291/1237 1366/1294/1238
f 1362/1252/1234 1361/1246/1233 1392/1292/1264 1393/1295/1265
f 1349/1254/1221 1348/1248/1220 1379/1293/1251 1380/1296/1252
f 1336/1256/1208 1335/1250/1207 1366/1294/1238 1367/1297/1239
f 959/1298/831 1362/1252/1234 1393/1295/1265
f 1350/1259/1222 1349/1254/1221 1380/1296/1252 1381/1299/1253
f 1337/1261/1209 1336/1256/1208 1367/1297/1239 1368/1300/1240
f 1351/1263/1223 1350/1259/1222 1381/1299/1253 1382/1301/1254
f 1338/1265/1210 1337/1261/1209 1368/1300/1240 1369/1302/1241
f 1352/1267/1224 1351/1263/1223 1382/1301/1254 1383/1303/1255
f 1339/1269/1211 1338/1265/1210 1369/1302/1241 1370/1304/1242
f 1353/1271/1225 1352/1267/1224 1383/1303/1255 1384/1305/1256
f 1340/1273/1212 1339/1269/1211 1370/1304/1242 1371/1306/1243
f 1354/1275/1226 1353/1271/1225 1384/1305/1256 1385/1307/1257
f 1341/1277/1213 1340/1273/1212 1371/1306/1243 1372/1308/1244
f 1355/1279/1227 1354/1275/1226 1385/1307/1257 1386/1309/1258
f 1342/1281/1214 1341/1277/1213 1372/1308/1244 1373/1310/1245
f 1356/1283/1228 1355/1279/1227 1386/1309/1258 1387/1311/1259
f 1343/1222/1215 1342/1281/1214 1373/1310/1245 1374/1312/1246
f 1357/1226/1229 1356/1283/1228 1387/1311/1259 1388/1313/1260
f 1344/1223/1216 1343/1222/1215 1374/1312/1246 1375/1314/1247
f 1358/1227/1230 1357/1226/1229 1388/1313/1260 1389/1315/1261
f 1345/1229/1217 1344/1223/1216 1375/1314/1247 1376/1284/1248
f 1332/1232/1204 493/1316/365 1363/1286/1235
f 1359/1234/1231 1358/1227/1230 1389/1315/1261 1390/1288/1262
f 1379/1293/1251 1378/1290/1250 1409/1317/1281 1410/1318/1282
f 1366/1294/1238 1365/1291/1237 1396/1319/1268 1397/1320/1269
f 1393/1295/1265 1392/1292/1264 1423/1321/1295 1424/1322/1296
f 1380/1296/1252 1379/1293/1251 1410/1318/1282 1411/1323/1283
f 1367/1297/1239 1366/1294/1238 1397/1320/1269 1398/1324/1270
f 959/1325/831 1393/1295/1265 1424/1322/1296
f 1381/1299/1253 1380/1296/1252 1411/1323/1283 1412/1326/1284
f 1368/1300/1240 1367/1297/1239 1398/1324/1270 1399/1327/1271
f 1382/1301/1254 1381/1299/1253 1412/1326/1284 1413/1328/1285
f 1369/1302/1241 1368/1300/1240 1399/1327/1271 1400/1329/1272
f 1383/1303/1255 1382/1301/1254 1413/1328/1285 1414/1330/1286
f 1370/1304/1242 1369/1302/1241 1400/1329/1272 1401/1331/1273
f 1384/1305/1256 1383/1303/1255 1414/1330/1286 1415/1332/1287
f 1371/1306/1243 1370/1304/1242 1401/1331/1273 1402/1333/1274
f 1385/1307/1257 1384/1305/1256 1415/1332/1287 1416/1334/1288
f 1372/1308/1244 1371/1306/1243 1402/1333/1274 1403/1335/1275
f 1386/1309/1258 1385/1307/1257 1416/1334/1288 1417/1336/1289
f 1373/1310/1245 1372/1308/1244 1403/1335/1275 1404/1337/1276
f 1387/1311/1259 1386/1309/1258 1417/1336/1289 1418/1338/1290
f 1374/1312/1246 1373/1310/1245 1404/1337/1276 1405/1339/1277
f 1388/1313/1260 1387/1311/1259 1418/1338/1290 1419/1340/1291
f 1375/1314/1247 1374/1312/1246 1405/1339/1277 1406/1341/1278
f 1389/1315/1261 1388/1313/1260 1419/1340/1291 1420/1342/1292
f 1376/1284/1248 1375/1314/1247 1406/1341/1278 1407/1343/1279
f 1363/1286/1235 493/1344/365 1394/1345/1266
f 1390/1288/1262 1389/1315/1261 1420/1342/1292 1421/1346/1293
f 1377/1285/1249 1376/1284/1248 1407/1343/1279 1408/1347/1280
f 1364/1287/1236 1363/1286/1235 1394/1345/1266 1395/1348/1267
f 1391/1289/1263 1390/1288/1262 1421/1346/1293 1422/1349/1294
f 1378/1290/1250 1377/1285/1249 1408/1347/1280 1409/1317/1281
f 1365/1291/1237 1364/1287/1236 1395/1348/1267 1396/1319/1268
f 1392/1292/1264 1391/1289/1263 1422/1349/1294 1423/1321/1295
f 1412/1326/1284 1411/1323/1283 1442/1350/1314 1443/1351/1315
f 1399/1327/1271 1398/1324/1270 1429/1352/1301 1430/1353/1302
f 1413/1328/1285 1412/1326/1284 1443/1351/1315 1444/1354/1316
f 1400/1329/1272 1399/1327/1271 1430/1353/1302 1431/1355/1303
f 1414/1330/1286 1413/1328/1285 1444/1354/1316 1445/1356/1317
f 1401/1331/1273 1400/1329/1272 1431/1355/1303 1432/1357/1304
f 1415/1332/1287 1414/1330/1286 1445/1356/1317 1446/1358/1318
f 1402/1333/1274 1401/1331/1273 1432/1357/1304 1433/1359/1305
f 1416/1334/1288 1415/1332/1287 1446/1358/1318 1447/1360/1319
f 1403/1335/1275 1402/1333/1274 1433/1359/1305 1434/1361/1306
f 1417/1336/1289 1416/1334/1288 1447/1360/1319 1448/1362/1320
f 1404/1337/1276 1403/1335/1275 1434/1361/1306 1435/1363/1307
f 1418/1338/1290 1417/1336/1289 1448/1362/1320 1449/1364/1321
f 1405/1339/1277 1404/1337/1276 1435/1363/1307 1436/1365/1308
f 1419/1340/1291 1418/1338/1290 1449/1364/1321 1450/1366/1322
f 1406/1341/1278 1405/1339/1277 1436/1365/1308 1437/1367/1309
f 1420/1342/1292 1419/1340/1291 1450/1366/1322 1451/1368/1323
f 1407/1343/1279 1406/1341/1278 1437/1367/1309 1438/1369/1310
f 1394/1345/1266 493/1370/365 1425/1371/1297
f 1421/1346/1293 1420/1342/1292 1451/1368/1323 1452/1372/1324
f 1408/1347/1280 1407/1343/1279 1438/1369/1310 1439/1373/1311
f 1395/1348/1267 1394/1345/1266 1425/1371/1297 1426/1374/1298
f 1422/1349/1294 1421/1346/1293 1452/1372/1324 1453/1375/1325
f 1409/1317/1281 1408/1347/1280 1439/1373/1311 1440/1376/1312
f 1396/1319/1268 1395/1348/1267 1426/1374/1298 1427/1377/1299
f 1423/1321/1295 1422/1349/1294 1453/1375/1325 1454/1378/1326
f 1410/1318/1282 1409/1317/1281 1440/1376/1312 1441/1379/1313
f 1397/1320/1269 1396/1319/1268 1427/1377/1299 1428/1380/1300
f 1424/1322/1296 1423/1321/1295 1454/1378/1326 1455/1381/1327
f 1411/1323/1283 1410/1318/1282 1441/1379/1313 1442/1350/1314
f 1398/1324/1270 1397/1320/1269 1428/1380/1300 1429/1352/1301
f 959/1382/831 1424/1322/1296 1455/1381/1327
f 1445/1356/1317 1444/1354/1316 1475/1383/1347 1476/1384/1348
f 1432/1357/1304 1431/1355/1303 1462/1385/1334 1463/1386/1335
f 1446/1358/1318 1445/1356/1317 1476/1384/1348 1477/1387/1349
f 1433/1359/1305 1432/1357/1304 1463/1386/1335 1464/1388/1336
f 1447/1360/1319 1446/1358/1318 1477/1387/1349 1478/1389/1350
f 1434/1361/1306 1433/1359/1305 1464/1388/1336 1465/1390/1337
f 1448/1362/1320 1447/1360/1319 1478/1389/1350 1479/1391/1351
f 1435/1363/1307 1434/1361/1306 1465/1390/1337 1466/1392/1338
f 1449/1364/1321 1448/1362/1320 1479/1391/1351 1480/1393/1352
f 1436/1365/1308 1435/1363/1307 1466/1392/1338 1467/1394/1339
f 1450/1366/1322 1449/1364/1321 1480/1393/1352 1481/1395/1353
f 1437/1367/1309 1436/1365/1308 1467/1394/1339 1468/1396/1340
f 1451/1368/1323 1450/1366/1322 1481/1395/1353 1482/1397/1354
f 1438/1369/1310 1437/1367/1309 1468/1396/1340 1469/1398/1341
f 1425/1371/1297 493/1399/365 1456/1400/1328
f 1452/1372/1324 1451/1368/1323 1482/1397/1354 1483/1401/1355
f 1439/1373/1311 1438/1369/1310 1469/1398/1341 1470/1402/1342
f 1426/1374/1298 1425/1371/1297 1456/1400/1328 1457/1403/1329
f 1453/1375/1325 1452/1372/1324 1483/1401/1355 1484/1404/1356
f 1440/1376/1312 1439/1373/1311 1470/1402/1342 1471/1405/1343
f 1427/1377/1299 1426/1374/1298 1457/1403/1329 1458/1406/1330
f 1454/1378/1326 1453/1375/1325 1484/1404/1356 1485/1407/1357
f 1441/1379/1313 1440/1376/1312 1471/1405/1343 1472/1408/1344
f 1428/1380/1300 1427/1377/1299 1458/1406/1330 1459/1409/1331
f 1455/1381/1327 1454/1378/1326 1485/1407/1357 1486/1410/1358
f 1442/1350/1314 1441/1379/1313 1472/1408/1344 1473/1411/1345
f 1429/1352/1301 1428/1380/1300 1459/1409/1331 1460/1412/1332
f 959/1413/831 1455/1381/1327 1486/1410/1358
f 1443/1351/1315 1442/1350/1314 1473/1411/1345 1474/1414/1346
f 1430/1353/1302 1429/1352/1301 1460/1412/1332 1461/1415/1333
f 1444/1354/1316 1443/1351/1315 1474/1414/1346 1475/1383/1347
f 1431/1355/1303 1430/1353/1302 1461/1415/1333 1462/1385/1334
f 1478/1389/1350 1477/1387/1349 1508/1416/1380 1509/1417/1381
f 1465/1390/1337 1464/1388/1336 1495/1418/1367 1496/1419/1368
f 1479/1391/1351 1478/1389/1350 1509/1417/1381 1510/1420/1382
f 1466/1392/1338 1465/1390/1337 1496/1419/1368 1497/1421/1369
f 1480/1393/1352 1479/1391/1351 1510/1420/1382 1511/1422/1383
f 1467/1394/1339 1466/1392/1338 1497/1421/1369 1498/1423/1370
f 1481/1395/1353 1480/1393/1352 1511/1422/1383 1512/1424/1384
f 1468/1396/1340 1467/1394/1339 1498/1423/1370 1499/1425/1371
f 1482/1397/1354 1481/1395/1353 1512/1424/1384 1513/1426/1385
f 1469/1398/1341 1468/1396/1340 1499/1425/1371 1500/1427/1372
f 1456/1400/1328 493/1428/365 1487/1429/1359
f 1483/1401/1355 1482/1397/1354 1513/1426/1385 1514/1430/1386
f 1470/1402/1342 1469/1398/1341 1500/1427/1372 1501/1431/1373
f 1457/1403/1329 1456/1400/1328 1487/1429/1359 1488/1432/1360
f 1484/1404/1356 1483/1401/1355 1514/1430/1386 1515/1433/1387
f 1471/1405/1343 1470/1402/1342 1501/1431/1373 1502/1434/1374
f 1458/1406/1330 1457/1403/1329 1488/1432/1360 1489/1435/1361
f 1485/1407/1357 1484/1404/1356 1515/1433/1387 1516/1436/1388
f 1472/1408/1344 1471/1405/1343 1502/1434/1374 1503/1437/1375
f 1459/1409/1331 1458/1406/1330 1489/1435/1361 1490/1438/1362
f 1486/1410/1358 1485/1407/1357 1516/1436/1388 1517/1439/1389
f 1473/1411/1345 1472/1408/1344 1503/1437/1375 1504/1440/1376
f 1460/1412/1332 1459/1409/1331 1490/1438/1362 1491/1441/1363
f 959/1442/831 1486/1410/1358 1517/1439/1389
f 1474/1414/1346 1473/1411/1345 1504/1440/1376 1505/1443/1377
f 1461/1415/1333 1460/1412/1332 1491/1441/1363 1492/1444/1364
f 1475/1383/1347 1474/1414/1346 1505/1443/1377 1506/1445/1378
f 1462/1385/1334 1461/1415/1333 1492/1444/1364 1493/1446/1365
f 1476/1384/1348 1475/1383/1347 1506/1445/1378 1507/1447/1379
f 1463/1386/1335 1462/1385/1334 1493/1446/1365 1494/1448/1366
f 1477/1387/1349 1476/1384/1348 1507/1447/1379 1508/1416/1380
f 1464/1388/1336 1463/1386/1335 1494/1448/1366 1495/1418/1367
f 1511/1422/1383 1510/1420/1382 1541/1449/1413 1542/1450/1414
f 1498/1423/1370 1497/1421/1369 1528/1451/1400 1529/1452/1401
f 1512/1424/1384 1511/1422/1383 1542/1450/1414 1543/1453/1415
f 1499/1425/1371 1498/1423/1370 1529/1452/1401 1530/1454/1402
f 1513/1426/1385 1512/1424/1384 1543/1453/1415 1544/1455/1416
f 1500/1427/1372 1499/1425/1371 1530/1454/1402 1531/1456/1403
f 1487/1429/1359 493/1457/365 1518/1458/1390
f 1514/1430/1386 1513/1426/1385 1544/1455/1416 1545/1459/1417
f 1501/1431/1373 1500/1427/1372 1531/1456/1403 1532/1460/1404
f 1488/1432/1360 1487/1429/1359 1518/1458/1390 1519/1461/1391
f 1515/1433/1387 1514/1430/1386 1545/1459/1417 1546/1462/1418
f 1502/1434/1374 1501/1431/1373 1532/1460/1404 1533/1463/1405
f 1489/1435/1361 1488/1432/1360 1519/1461/1391 1520/1464/1392
f 1516/1436/1388 1515/1433/1387 1546/1462/1418 1547/1465/1419
f 1503/1437/1375 1502/1434/1374 1533/1463/1405 1534/1466/1406
f 1490/1438/1362 1489/1435/1361 1520/1464/1392 1521/1467/1393
f 1517/1439/1389 1516/1436/1388 1547/1465/1419 1548/1468/1420
f 1504/1440/1376 1503/1437/1375 1534/1466/1406 1535/1469/1407
f 1491/1441/1363 1490/1438/1362 1521/1467/1393 1522/1470/1394
f 959/1471/831 1517/1439/1389 1548/1468/1420
f 1505/1443/1377 1504/1440/1376 1535/1469/1407 1536/1472/1408
f 1492/1444/1364 1491/1441/1363 1522/1470/1394 1523/1473/1395
f 1506/1445/1378 1505/1443/1377 1536/1472/1408 1537/1474/1409
f 1493/1446/1365 1492/1444/1364 1523/1473/1395 1524/1475/1396
f 1507/1447/1379 1506/1445/1378 1537/1474/1409 1538/1476/1410
f 1494/1448/1366 1493/1446/1365 1524/1475/1396 1525/1477/1397
f 1508/1416/1380 1507/1447/1379 1538/1476/1410 1539/1478/1411
f 1495/1418/1367 1494/1448/1366 1525/1477/1397 1526/1479/1398
f 1509/1417/1381 1508/1416/1380 1539/1478/1411 1540/1480/1412
f 1496/1419/1368 1495/1418/1367 1526/1479/1398 1527/1481/1399
f 1510/1420/1382 1509/1417/1381 1540/1480/1412 1541/1449/1413
f 1497/1421/1369 1496/1419/1368 1527/1481/1399 1528/1451/1400
f 1544/1455/1416 1543/1453/1415 1574/1482/1446 1575/1483/1447
f 1531/1456/1403 1530/1454/1402 1561/1484/1433 1562/1485/1434
f 1518/1458/1390 493/1486/365 1549/1487/1421
f 1545/1459/1417 1544/1455/1416 1575/1483/1447 1576/1488/1448
f 1532/1460/1404 1531/1456/1403 1562/1485/1434 1563/1489/1435
f 1519/1461/1391 1518/1458/1390 1549/1487/1421 1550/1490/1422
f 1546/1462/1418 1545/1459/1417 1576/1488/1448 1577/1491/1449
f 1533/1463/1405 1532/1460/1404 1563/1489/1435 1564/1492/1436
f 1520/1464/1392 1519/1461/1391 1550/1490/1422 1551/1493/1423
f 1547/1465/1419 1546/1462/1418 1577/1491/1449 1578/1494/1450
f 1534/1466/1406 1533/1463/1405 1564/1492/1436 1565/1495/1437
f 1521/1467/1393 1520/1464/1392 1551/1493/1423 1552/1496/1424
f 1548/1468/1420 1547/1465/1419 1578/1494/1450 1579/1497/1451
f 1535/1469/1407 1534/1466/1406 1565/1495/1437 1566/1498/1438
f 1522/1470/1394 1521/1467/1393 1552/1496/1424 1553/1499/1425
f 959/1500/831 1548/1468/1420 1579/1497/1451
f 1536/1472/1408 1535/1469/1407 1566/1498/1438 1567/1501/1439
f 1523/1473/1395 1522/1470/1394 1553/1499/1425 1554/1502/1426
f 1537/1474/1409 1536/1472/1408 1567/1501/1439 1568/1503/1440
f 1524/1475/1396 1523/1473/1395 1554/1502/1426 1555/1504/1427
f 1538/1476/1410 1537/1474/1409 1568/1503/1440 1569/1505/1441
f 1525/1477/1397 1524/1475/1396 1555/1504/1427 1556/1506/1428
f 1539/1478/1411 1538/1476/1410 1569/1505/1441 1570/1507/1442
f 1526/1479/1398 1525/1477/1397 1556/1506/1428 1557/1508/1429
f 1540/1480/1412 1539/1478/1411 1570/1507/1442 1571/1509/1443
f 1527/1481/1399 1526/1479/1398 1557/1508/1429 1558/1510/1430
f 1541/1449/1413 1540/1480/1412 1571/1509/1443 1572/1511/1444
f 1528/1451/1400 1527/1481/1399 1558/1510/1430 1559/1512/1431
f 1542/1450/1414 1541/1449/1413 1572/1511/1444 1573/1513/1445
f 1529/1452/1401 1528/1451/1400 1559/1512/1431 1560/1514/1432
f 1543/1453/1415 1542/1450/1414 1573/1513/1445 1574/1482/1446
f 1530/1454/1402 1529/1452/1401 1560/1514/1432 1561/1484/1433
f 1577/1491/1449 1576/1488/1448 1607/1515/1479 1608/1516/1480
f 1564/1492/1436 1563/1489/1435 1594/1517/1466 1595/1518/1467
f 1551/1493/1423 1550/1490/1422 1581/1519/1453 1582/1520/1454
f 1578/1494/1450 1577/1491/1449 1608/1516/1480 1609/1521/1481
f 1565/1495/1437 1564/1492/1436 1595/1518/1467 1596/1522/1468
f 1552/1496/1424 1551/1493/1423 1582/1520/1454 1583/1523/1455
f 1579/1497/1451 1578/1494/1450 1609/1521/1481 1610/1524/1482
f 1566/1498/1438 1565/1495/1437 1596/1522/1468 1597/1525/1469
f 1553/1499/1425 1552/1496/1424 1583/1523/1455 1584/1526/1456
f 959/1527/831 1579/1497/1451 1610/1524/1482
f 1567/1501/1439 1566/1498/1438 1597/1525/1469 1598/1528/1470
f 1554/1502/1426 1553/1499/1425 1584/1526/1456 1585/1529/1457
f 1568/1503/1440 1567/1501/1439 1598/1528/1470 1599/1530/1471
f 1555/1504/1427 1554/1502/1426 1585/1529/1457 1586/1531/1458
f 1569/1505/1441 1568/1503/1440 1599/1530/1471 1600/1532/1472
f 1556/1506/1428 1555/1504/1427 1586/1531/1458 1587/1533/1459
f 1570/1507/1442 1569/1505/1441 1600/1532/1472 1601/1534/1473
f 1557/1508/1429 1556/1506/1428 1587/1533/1459 1588/1535/1460
f 1571/1509/1443 1570/1507/1442 1601/1534/1473 1602/1536/1474
f 1558/1510/1430 1557/1508/1429 1588/1535/1460 1589/1537/1461
f 1572/1511/1444 1571/1509/1443 1602/1536/1474 1603/1538/1475
f 1559/1512/1431 1558/1510/1430 1589/1537/1461 1590/1539/1462
f 1573/1513/1445 1572/1511/1444 1603/1538/1475 1604/1540/1476
f 1560/1514/1432 1559/1512/1431 1590/1539/1462 1591/1541/1463
f 1574/1482/1446 1573/1513/1445 1604/1540/1476 1605/1542/1477
f 1561/1484/1433 1560/1514/1432 1591/1541/1463 1592/1543/1464
f 1575/1483/1447 1574/1482/1446 1605/1542/1477 1606/1544/1478
f 1562/1485/1434 1561/1484/1433 1592/1543/1464 1593/1545/1465
f 1549/1487/1421 493/1546/365 1580/1547/1452
f 1576/1488/1448 1575/1483/1447 1606/1544/1478 1607/1515/1479
f 1563/1489/1435 1562/1485/1434 1593/1545/1465 1594/1517/1466
f 1550/1490/1422 1549/1487/1421 1580/1547/1452 1581/1519/1453
f 1610/1524/1482 1609/1521/1481 1640/1548/1512 1641/1549/1513
f 1597/1525/1469 1596/1522/1468 1627/1550/1499 1628/1551/1500
f 1584/1526/1456 1583/1523/1455 1614/1552/1486 1615/1553/1487
f 959/1554/831 1610/1524/1482 1641/1549/1513
f 1598/1528/1470 1597/1525/1469 1628/1551/1500 1629/1555/1501
f 1585/1529/1457 1584/1526/1456 1615/1553/1487 1616/1556/1488
f 1599/1530/1471 1598/1528/1470 1629/1555/1501 1630/1557/1502
f 1586/1531/1458 1585/1529/1457 1616/1556/1488 1617/1558/1489
f 1600/1532/1472 1599/1530/1471 1630/1557/1502 1631/1559/1503
f 1587/1533/1459 1586/1531/1458 1617/1558/1489 1618/1560/1490
f 1601/1534/1473 1600/1532/1472 1631/1559/1503 1632/1561/1504
f 1588/1535/1460 1587/1533/1459 1618/1560/1490 1619/1562/1491
f 1602/1536/1474 1601/1534/1473 1632/1561/1504 1633/1563/1505
f 1589/1537/1461 1588/1535/1460 1619/1562/1491 1620/1564/1492
f 1603/1538/1475 1602/1536/1474 1633/1563/1505 1634/1565/1506
f 1590/1539/1462 1589/1537/1461 1620/1564/1492 1621/1566/1493
f 1604/1540/1476 1603/1538/1475 1634/1565/1506 1635/1567/1507
f 1591/1541/1463 1590/1539/1462 1621/1566/1493 1622/1568/1494
f 1605/1542/1477 1604/1540/1476 1635/1567/1507 1636/1569/1508
f 1592/1543/1464 1591/1541/1463 1622/1568/1494 1623/1570/1495
f 1606/1544/1478 1605/1542/1477 1636/1569/1508 1637/1571/1509
f 1593/1545/1465 1592/1543/1464 1623/1570/1495 1624/1572/1496
f 1580/1547/1452 493/1573/365 1611/1574/1483
f 1607/1515/1479 1606/1544/1478 1637/1571/1509 1638/1575/1510
f 1594/1517/1466 1593/1545/1465 1624/1572/1496 1625/1576/1497
f 1581/1519/1453 1580/1547/1452 1611/1574/1483 1612/1577/1484
f 1608/1516/1480 1607/1515/1479 1638/1575/1510 1639/1578/1511
f 1595/1518/1467 1594/1517/1466 1625/1576/1497 1626/1579/1498
f 1582/1520/1454 1581/1519/1453 1612/1577/1484 1613/1580/1485
f 1609/1521/1481 1608/1516/1480 1639/1578/1511 1640/1548/1512
f 1596/1522/1468 1595/1518/1467 1626/1579/1498 1627/1550/1499
f 1583/1523/1455 1582/1520/1454 1613/1580/1485 1614/1552/1486
f 1630/1557/1502 1629/1555/1501 1660/1581/1532 1661/1582/1533
f 1617/1558/1489 1616/1556/1488 1647/1583/1519 1648/1584/1520
f 1631/1559/1503 1630/1557/1502 1661/1582/1533 1662/1585/1534
f 1618/1560/1490 1617/1558/1489 1648/1584/1520 1649/1586/1521
f 1632/1561/1504 1631/1559/1503 1662/1585/1534 1663/1587/1535
f 1619/1562/1491 1618/1560/1490 1649/1586/1521 1650/1588/1522
f 1633/1563/1505 1632/1561/1504 1663/1587/1535 1664/1589/1536
f 1620/1564/1492 1619/1562/1491 1650/1588/1522 1651/1590/1523
f 1634/1565/1506 1633/1563/1505 1664/1589/1536 1665/1591/1537
f 1621/1566/1493 1620/1564/1492 1651/1590/1523 1652/1592/1524
f 1635/1567/1507 1634/1565/1506 1665/1591/1537 1666/1593/1538
f 1622/1568/1494 1621/1566/1493 1652/1592/1524 1653/1594/1525
f 1636/1569/1508 1635/1567/1507 1666/1593/1538 1667/1595/1539
f 1623/1570/1495 1622/1568/1494 1653/1594/1525 1654/1596/1526
f 1637/1571/1509 1636/1569/1508 1667/1595/1539 1668/1597/1540
f 1624/1572/1496 1623/1570/1495 1654/1596/1526 1655/1598/1527
f 1611/1574/1483 493/1599/365 1642/1600/1514
f 1638/1575/1510 1637/1571/1509 1668/1597/1540 1669/1601/1541
f 1625/1576/1497 1624/1572/1496 1655/1598/1527 1656/1602/1528
f 1612/1577/1484 1611/1574/1483 1642/1600/1514 1643/1603/1515
f 1639/1578/1511 1638/1575/1510 1669/1601/1541 1670/1604/1542
f 1626/1579/1498 1625/1576/1497 1656/1602/1528 1657/1605/1529
f 1613/1580/1485 1612/1577/1484 1643/1603/1515 1644/1606/1516
f 1640/1548/1512 1639/1578/1511 1670/1604/1542 1671/1607/1543
f 1627/1550/1499 1626/1579/1498 1657/1605/1529 1658/1608/1530
f 1614/1552/1486 1613/1580/1485 1644/1606/1516 1645/1609/1517
f 1641/1549/1513 1640/1548/1512 1671/1607/1543 1672/1610/1544
f 1628/1551/1500 1627/1550/1499 1658/1608/1530 1659/1611/1531
f 1615/1553/1487 1614/1552/1486 1645/1609/1517 1646/1612/1518
f 959/1613/831 1641/1549/1513 1672/1610/1544
f 1629/1555/1501 1628/1551/1500 1659/1611/1531 1660/1581/1532
f 1616/1556/1488 1615/1553/1487 1646/1612/1518 1647/1583/1519
f 1663/1587/1535 1662/1585/1534 1679/51/1551 1680/55/1552
f 1650/1588/1522 1649/1586/1521 38/53/24 47/57/29
f 1664/1589/1536 1663/1587/1535 1680/55/1552 114/59/72
f 1651/1590/1523 1650/1588/1522 47/57/29 55/61/34
f 1665/1591/1537 1664/1589/1536 114/59/72 126/63/79
f 1652/1592/1524 1651/1590/1523 55/61/34 1676/2/1548
f 1666/1593/1538 1665/1591/1537 126/63/79 131/6/81
f 1653/1594/1525 1652/1592/1524 1676/2/1548 57/1/36
f 1667/1595/1539 1666/1593/1538 131/6/81 1681/5/1553
f 1654/1596/1526 1653/1594/1525 57/1/36 70/9/44
f 1668/1597/1540 1667/1595/1539 1681/5/1553 133/11/82
f 1655/1598/1527 1654/1596/1526 70/9/44 75/13/47
f 1642/1600/1514 493/1614/365 8/15/5
f 1669/1601/1541 1668/1597/1540 133/11/82 1682/18/1554
f 1656/1602/1528 1655/1598/1527 75/13/47 1677/20/1549
f 1643/1603/1515 1642/1600/1514 8/15/5 1673/22/1545
f 1670/1604/1542 1669/1601/1541 1682/18/1554 139/24/83
f 1657/1605/1529 1656/1602/1528 1677/20/1549 1678/26/1550
f 1644/1606/1516 1643/1603/1515 1673/22/1545 15/28/9
f 1671/1607/1543 1670/1604/1542 139/24/83 144/30/84
f 1658/1608/1530 1657/1605/1529 1678/26/1550 81/32/51
f 1645/1609/1517 1644/1606/1516 15/28/9 1674/34/1546
f 1672/1610/1544 1671/1607/1543 144/30/84 147/36/85
f 1659/1611/1531 1658/1608/1530 81/32/51 94/38/59
f 1646/1612/1518 1645/1609/1517 1674/34/1546 1675/40/1547
f 959/1615/831 1672/1610/1544 147/36/85
f 1660/1581/1532 1659/1611/1531 94/38/59 102/43/64
f 1647/1583/1519 1646/1612/1518 1675/40/1547 21/45/13
f 1661/1582/1533 1660/1581/1532 102/43/64 111/47/69
f 1648/1584/1520 1647/1583/1519 21/45/13 30/49/19
f 1662/1585/1534 1661/1582/1533 111/47/69 1679/51/1551
f 1649/1586/1521 1648/1584/1520 30/49/19 38/53/24
f 3/1241/1 17/1616/3 25/1316/4 10/1617/2
f 17/1616/3 35/1317/6 41/1618/7 25/1316/4
f 35/1317/6 52/1619/8 61/1399/10 41/1618/7
f 52/1619/8 65/1434/11 78/1620/12 61/1399/10
f 65/1434/11 87/1621/14 91/1486/15 78/1620/12
f 87/1621/14 99/1518/16 108/1622/17 91/1486/15
f 99/1518/16 117/1623/18 121/1599/20 108/1622/17
f 117/1623/18 130/1624/21 135/1625/22 121/1599/20
f 130/1624/21 137/1626/23 141/83/25 135/1625/22
f 137/1626/23 146/118/26 150/1627/27 141/83/25
f 146/118/26 156/1628/28 160/170/30 150/1627/27
f 156/1628/28 161/204/31 165/1629/32 160/170/30
f 161/204/31 171/1630/33 176/285/35 165/1629/32
f 171/1630/33 177/318/37 181/1631/38 176/285/35
f 177/318/37 187/1632/39 190/370/40 181/1631/38
f 187/1632/39 193/405/41 196/1633/42 190/370/40
f 193/405/41 198/1634/43 200/487/45 196/1633/42
f 198/1634/43 202/519/46 204/1635/48 200/487/45
f 202/519/46 205/1636/49 207/571/50 204/1635/48
f 205/1636/49 210/606/52 211/1637/53 207/571/50
f 210/606/52 213/1638/54 216/689/55 211/1637/53
f 213/1638/54 217/722/56 219/1639/57 216/689/55
f 217/722/56 221/1640/58 223/772/60 219/1639/57
f 221/1640/58 225/807/61 227/1641/62 223/772/60
f 225/807/61 229/1642/63 231/857/65 227/1641/62
f 229/1642/63 233/914/66 236/1643/67 231/857/65
f 233/914/66 238/1644/68 240/1645/70 236/1643/67
f 238/1644/68 242/1001/71 243/1646/73 240/1645/70
f 242/1001/71 246/1647/74 247/1084/75 243/1646/73
f 246/1647/74 250/1648/76 252/1649/77 247/1084/75
f 252/1650/77 256/1651/80 10/1652/2 25/1653/4 41/1654/7 61/1655/10 78/1656/12 91/1657/15 108/1658/17 121/1659/20 135/1660/22 141/1661/25 150/1662/27 160/1663/30 165/1664/32 176/1665/35 181/1666/38 190/1667/40 196/1668/42 200/1669/45 204/1670/48 207/1671/50 211/1672/53 216/1673/55 219/1674/57 223/1675/60 227/1676/62 231/1677/65 236/1678/67 240/1679/70 243/1680/73 247/1681/75
f 250/1648/76 253/1682/78 256/1167/80 252/1649/77
f 253/1682/78 3/1202/1 10/1683/2 256/1167/80
f 246/1684/74 242/1685/71 238/1686/68 233/1687/66 229/1688/63 225/1689/61 221/1690/58 217/1691/56 213/1692/54 210/1693/52 205/1694/49 202/1695/46 198/1696/43 193/1697/41 187/1698/39 177/1699/37 171/1700/33 161/1701/31 156/1702/28 146/1703/26 137/1704/23 130/1705/21 117/1706/18 99/1707/16 87/1708/14 65/1709/11 52/1710/8 35/1711/6 17/1712/3 3/1713/1 253/1714/78 250/1715/76
f 2/1241/1 11/1616/3 13/1316/4 5/1617/2
f 11/1616/3 19/1317/6 23/1618/7 13/1316/4
f 19/1317/6 27/1619/8 32/1399/10 23/1618/7
f 27/1619/8 34/1434/11 39/1620/12 32/1399/10
f 34/1434/11 43/1621/14 46/1486/15 39/1620/12
f 43/1621/14 49/1518/16 54/1622/17 46/1486/15
f 49/1518/16 60/1623/18 63/1599/20 54/1622/17
f 60/1623/18 67/1624/21 71/1625/22 63/1599/20
f 67/1624/21 74/1626/23 80/83/25 71/1625/22
f 74/1626/23 84/118/26 85/1627/27 80/83/25
f 84/118/26 90/1628/28 95/170/30 85/1627/27
f 90/1628/28 97/204/31 103/1629/32 95/170/30
f 97/204/31 106/1630/33 110/285/35 103/1629/32
f 106/1630/33 115/318/37 119/1631/38 110/285/35
f 115/318/37 123/1632/39 128/370/40 119/1631/38
f 123/1632/39 129/405/41 132/1633/42 128/370/40
f 129/405/41 134/1634/43 136/487/45 132/1633/42
f 134/1634/43 138/519/46 140/1635/48 136/487/45
f 138/519/46 142/1636/49 143/571/50 140/1635/48
f 142/1636/49 145/606/52 148/1637/53 143/571/50
f 145/606/52 149/1638/54 152/689/55 148/1637/53
f 149/1638/54 154/722/56 155/1639/57 152/689/55
f 154/722/56 157/1640/58 159/772/60 155/1639/57
f 157/1640/58 162/807/61 164/1641/62 159/772/60
f 162/807/61 166/1642/63 168/857/65 164/1641/62
f 166/1642/63 170/914/66 172/1643/67 168/857/65
f 170/914/66 174/1644/68 175/1645/70 172/1643/67
f 174/1644/68 178/1001/71 179/1646/73 175/1645/70
f 178/1001/71 182/1647/74 184/1084/75 179/1646/73
f 182/1647/74 185/1648/76 188/1649/77 184/1084/75
f 191/1651/80 5/1652/2 13/1653/4 23/1654/7 32/1655/10 39/1656/12 46/1657/15 54/1658/17 63/1659/20 71/1660/22 80/1661/25 85/1662/27 95/1663/30 103/1664/32 110/1665/35 119/1666/38 128/1667/40 132/1668/42 136/1669/45 140/1670/48 143/1671/50 148/1672/53 152/1673/55 155/1674/57 159/1675/60 164/1676/62 168/1677/65 172/1678/67 175/1679/70 179/1680/73 184/1681/75 188/1650/77
f 185/1648/76 189/1682/78 191/1167/80 188/1649/77
f 189/1682/78 2/1202/1 5/1683/2 191/1167/80
f 34/1709/11 27/1710/8 19/1711/6 11/1712/3 2/1713/1 189/1714/78 185/1715/76 182/1684/74 178/1685/71 174/1686/68 170/1687/66 166/1688/63 162/1689/61 157/1690/58 154/1691/56 149/1692/54 145/1693/52 142/1694/49 138/1695/46 134/1696/43 129/1697/41 123/1698/39 115/1699/37 106/1700/33 97/1701/31 90/1702/28 84/1703/26 74/1704/23 67/1705/21 60/1706/18 49/1707/16 43/1708/14
f 1/1241/1 6/1616/3 7/1316/4 4/1617/2
f 6/1616/3 9/1317/6 12/1618/7 7/1316/4
f 9/1317/6 14/1619/8 16/1399/10 12/1618/7
f 14/1619/8 18/1434/11 20/1620/12 16/1399/10
f 18/1434/11 22/1621/14 24/1486/15 20/1620/12
f 22/1621/14 26/1518/16 28/1622/17 24/1486/15
f 26/1518/16 29/1623/18 31/1599/20 28/1622/17
f 29/1623/18 33/1624/21 36/1625/22 31/1599/20
f 33/1624/21 37/1626/23 40/83/25 36/1625/22
f 37/1626/23 42/118/26 44/1627/27 40/83/25
f 42/118/26 45/1628/28 48/170/30 44/1627/27
f 45/1628/28 50/204/31 51/1629/32 48/170/30
f 50/204/31 53/1630/33 56/285/35 51/1629/32
f 53/1630/33 58/318/37 59/1631/38 56/285/35
f 58/318/37 62/1632/39 64/370/40 59/1631/38
f 62/1632/39 66/405/41 68/1633/42 64/370/40
f 66/405/41 69/1634/43 72/487/45 68/1633/42
f 69/1634/43 73/519/46 76/1635/48 72/487/45
f 73/519/46 77/1636/49 79/571/50 76/1635/48
f 77/1636/49 82/606/52 83/1637/53 79/571/50
f 82/606/52 86/1638/54 88/689/55 83/1637/53
f 86/1638/54 89/722/56 92/1639/57 88/689/55
f 89/722/56 93/1640/58 96/772/60 92/1639/57
f 93/1640/58 98/807/61 100/1641/62 96/772/60
f 98/807/61 101/1642/63 104/857/65 100/1641/62
f 101/1642/63 105/914/66 107/1643/67 104/857/65
f 105/914/66 109/1644/68 112/1645/70 107/1643/67
f 109/1644/68 113/1001/71 116/1646/73 112/1645/70
f 113/1001/71 118/1647/74 120/1084/75 116/1646/73
f 118/1647/74 122/1648/76 124/1649/77 120/1084/75
f 4/1652/2 7/1653/4 12/1654/7 16/1655/10 20/1656/12 24/1657/15 28/1658/17 31/1659/20 36/1660/22 40/1661/25 44/1662/27 48/1663/30 51/1664/32 56/1665/35 59/1666/38 64/1667/40 68/1668/42 72/1669/45 76/1670/48 79/1671/50 83/1672/53 88/1673/55 92/1674/57 96/1675/60 100/1676/62 104/1677/65 107/1678/67 112/1679/70 116/1680/73 120/1681/75 124/1650/77 127/1651/80
f 122/1648/76 125/1682/78 127/1167/80 124/1649/77
f 125/1682/78 1/1202/1 4/1683/2 127/1167/80
f 6/1712/3 1/1713/1 125/1714/78 122/1715/76 118/1684/74 113/1685/71 109/1686/68 105/1687/66 101/1688/63 98/1689/61 93/1690/58 89/1691/56 86/1692/54 82/1693/52 77/1694/49 73/1695/46 69/1696/43 66/1697/41 62/1698/39 58/1699/37 53/1700/33 50/1701/31 45/1702/28 42/1703/26 37/1704/23 33/1705/21 29/1706/18 26/1707/16 22/1708/14 18/1709/11 14/1710/8 9/1711/6
